{"CONTROL_ACTIVE3_SHRINKING_V1":{"candidates":271,"executed":177,"zeroEdge":0,"capacityReductions":9,"capacityRejections":94,"minStake":0.06197468,"medianStake":2.00164832,"meanStake":1.951969301355933,"maxStake":2.76897313,"totalStaked":345.49856634,"wins":94,"losses":83,"pnl":69.46874342,"roi":20.10681091,"endingTotal":169.46874342,"maxTotalDrawdown":40.35199895},"FIXED_CYCLE_MAX3_V1":{"candidates":271,"executed":212,"zeroEdge":0,"capacityReductions":51,"capacityRejections":59,"tiers":{"0":59,"0.5":1,"0.7":1,"1":210},"minStake":1.5,"medianStake":3.70810554,"meanStake":3.47337393,"maxStake":5.53645899,"totalStaked":736.35527295,"wins":113,"losses":99,"pnl":146.45102873,"roi":19.8886372,"endingTotal":246.45102873,"maxTotalDrawdown":29.21517498},"ROBUST_LCB_TIERED_MAX3_V1":{"candidates":271,"executed":176,"zeroEdge":63,"capacityReductions":30,"capacityRejections":32,"tiers":{"0":95,"0.3":6,"0.5":5,"0.7":1,"1":164},"minStake":0.45,"medianStake":2.68775915,"meanStake":2.47585312,"maxStake":3.18145672,"totalStaked":435.75014875,"wins":87,"losses":89,"pnl":59.256775,"roi":13.59879628,"endingTotal":159.256775,"maxTotalDrawdown":34.88824498}}
