{
  "full": {
    "count": 231,
    "medianHours": 12.86052778,
    "meanHours": 84.99463663,
    "buckets": {
      "<=24h": 0,
      "24–48h": 0,
      "2–7d": 0,
      "7–14d": 0,
      ">14d": 0
    }
  },
  "early": {
    "count": 83,
    "medianHours": 7.56977528,
    "meanHours": 8.98352728,
    "buckets": {
      "<=24h": 0,
      "24–48h": 0,
      "2–7d": 0,
      "7–14d": 0,
      ">14d": 0
    }
  },
  "plateau": {
    "count": 56,
    "medianHours": 150.96498653,
    "meanHours": 155.08534775,
    "buckets": {
      "<=24h": 0,
      "24–48h": 0,
      "2–7d": 0,
      "7–14d": 0,
      ">14d": 0
    }
  }
}
