{
  "primary": {
    "count": 124,
    "wins": 61,
    "losses": 63,
    "voidOther": 0,
    "totalStake": 124,
    "grossPnl": 16.82674451,
    "grossRoiPct": 13.56995525,
    "meanPnl": 0.13569955,
    "medianPnl": -1,
    "maximumDrawdown": 5.86500797,
    "longestLossStreak": 4,
    "bestDecision": 2.278688524590164,
    "worstDecision": -1,
    "breakEvenCostBps": 1356.99552498,
    "rolling20Roi": [
      null,
      null,
      null,
      null,
      null,
      null,
      null,
      null,
      null,
      null,
      null,
      null,
      null,
      null,
      null,
      null,
      null,
      null,
      null,
      -13.53180467,
      -1.18612565,
      -11.71244144,
      -1.40316309,
      -1.40316309,
      -12.15585126,
      -2.05484116,
      12.02966588,
      -0.01852689,
      11.74617899,
      11.28348379,
      11.28348379,
      11.28348379,
      0.53079562,
      11.05711141,
      11.05711141,
      11.05711141,
      11.05711141,
      13.30178032,
      2.31276933,
      2.31276933,
      -10.03290968,
      2.01528309,
      -8.29399526,
      1.70600474,
      14.69301773,
      4.59200762,
      -9.49249942,
      0.60851068,
      -11.1561952,
      -21.68251099,
      -11.37323264,
      -11.37323264,
      0.67496013,
      -9.85135566,
      -9.85135566,
      -9.85135566,
      -7.17362102,
      -8.76661186,
      1.33439824,
      1.33439824,
      13.68007725,
      13.39659036,
      24.63254542,
      14.63254542,
      1.64553243,
      13.6937252,
      13.6937252,
      3.5927151,
      13.90199345,
      25.66669934,
      25.88373678,
      38.22941579,
      37.17023401,
      37.17023401,
      37.17023401,
      37.17023401,
      38.26772806,
      38.26772806,
      28.16671796,
      38.91940613,
      39.56074011,
      27.79603422,
      27.08639496,
      27.08639496,
      37.18740506,
      25.13921229,
      25.13921229,
      38.12622527,
      27.81694692,
      26.57855683,
      16.05224104,
      3.70656203,
      3.02682939,
      3.02682939,
      14.26278445,
      25.13234966,
      21.80053079,
      11.04784262,
      22.03685361,
      25.77691906,
      12.78990608,
      28.66292195,
      29.12561715,
      29.12561715,
      31.07279982,
      43.41847883,
      53.94479462,
      53.30346065,
      53.30346065,
      59.17058748,
      59.17058748,
      59.17058748,
      61.84832212,
      72.15760047,
      60.92164541,
      50.05208019,
      39.29939202,
      50.05208019,
      39.0630692,
      24.57031558,
      24.57031558,
      8.69729971,
      9.4729946,
      22.46000759
    ],
    "weeklyDecisionDate": [
      {
        "week": "2026-06-2",
        "pnl": 4.50587853863323
      },
      {
        "week": "2026-06-3",
        "pnl": 13.560726295325093
      },
      {
        "week": "2026-06-4",
        "pnl": -1
      },
      {
        "week": "2026-07-1",
        "pnl": 0.8097959019142924
      },
      {
        "week": "2026-07-2",
        "pnl": -1.0496562261268143
      }
    ]
  },
  "sensitivity": {
    "count": 126,
    "wins": 63,
    "losses": 63,
    "voidOther": 0,
    "totalStake": 126,
    "grossPnl": 19.03913781,
    "grossRoiPct": 15.11042684,
    "meanPnl": 0.15110427,
    "medianPnl": 0,
    "maximumDrawdown": 5.86500797,
    "longestLossStreak": 4,
    "bestDecision": 2.278688524590164,
    "worstDecision": -1,
    "breakEvenCostBps": 1511.04268367,
    "rolling20Roi": [
      null,
      null,
      null,
      null,
      null,
      null,
      null,
      null,
      null,
      null,
      null,
      null,
      null,
      null,
      null,
      null,
      null,
      null,
      null,
      -3.45884913,
      -3.22252632,
      -13.53180467,
      -1.18612565,
      -11.71244144,
      -1.40316309,
      -1.40316309,
      -12.15585126,
      -2.05484116,
      12.02966588,
      -0.01852689,
      11.74617899,
      11.28348379,
      11.28348379,
      11.28348379,
      0.53079562,
      11.05711141,
      11.05711141,
      11.05711141,
      11.05711141,
      13.30178032,
      2.31276933,
      2.31276933,
      -10.03290968,
      2.01528309,
      -8.29399526,
      1.70600474,
      14.69301773,
      4.59200762,
      -9.49249942,
      0.60851068,
      -11.1561952,
      -21.68251099,
      -11.37323264,
      -11.37323264,
      0.67496013,
      -9.85135566,
      -9.85135566,
      -9.85135566,
      -7.17362102,
      -8.76661186,
      1.33439824,
      1.33439824,
      13.68007725,
      13.39659036,
      24.63254542,
      14.63254542,
      1.64553243,
      13.6937252,
      13.6937252,
      3.5927151,
      13.90199345,
      25.66669934,
      25.88373678,
      38.22941579,
      37.17023401,
      37.17023401,
      37.17023401,
      37.17023401,
      38.26772806,
      38.26772806,
      28.16671796,
      38.91940613,
      39.56074011,
      27.79603422,
      27.08639496,
      27.08639496,
      37.18740506,
      25.13921229,
      25.13921229,
      38.12622527,
      27.81694692,
      26.57855683,
      16.05224104,
      3.70656203,
      3.02682939,
      3.02682939,
      14.26278445,
      25.13234966,
      21.80053079,
      11.04784262,
      22.03685361,
      25.77691906,
      12.78990608,
      28.66292195,
      29.12561715,
      29.12561715,
      31.07279982,
      43.41847883,
      53.94479462,
      53.30346065,
      53.30346065,
      59.17058748,
      59.17058748,
      59.17058748,
      61.84832212,
      72.15760047,
      60.92164541,
      50.05208019,
      39.29939202,
      50.05208019,
      39.0630692,
      24.57031558,
      24.57031558,
      8.69729971,
      9.4729946,
      22.46000759
    ],
    "weeklyDecisionDate": [
      {
        "week": "2026-06-2",
        "pnl": 6.718271843144922
      },
      {
        "week": "2026-06-3",
        "pnl": 13.560726295325093
      },
      {
        "week": "2026-06-4",
        "pnl": -1
      },
      {
        "week": "2026-07-1",
        "pnl": 0.8097959019142924
      },
      {
        "week": "2026-07-2",
        "pnl": -1.0496562261268143
      }
    ]
  }
}
