{
  "firstHalf": {
    "count": 62,
    "wins": 28,
    "losses": 34,
    "voidOther": 0,
    "totalStake": 62,
    "grossPnl": 0.84514956,
    "grossRoiPct": 1.36314445,
    "meanPnl": 0.01363144,
    "medianPnl": -1,
    "maximumDrawdown": 5.86500797,
    "longestLossStreak": 3,
    "bestDecision": 1.8169014084507045,
    "worstDecision": -1,
    "breakEvenCostBps": 136.31444516,
    "rolling20Roi": [
      null,
      null,
      null,
      null,
      null,
      null,
      null,
      null,
      null,
      null,
      null,
      null,
      null,
      null,
      null,
      null,
      null,
      null,
      null,
      -13.53180467,
      -1.18612565,
      -11.71244144,
      -1.40316309,
      -1.40316309,
      -12.15585126,
      -2.05484116,
      12.02966588,
      -0.01852689,
      11.74617899,
      11.28348379,
      11.28348379,
      11.28348379,
      0.53079562,
      11.05711141,
      11.05711141,
      11.05711141,
      11.05711141,
      13.30178032,
      2.31276933,
      2.31276933,
      -10.03290968,
      2.01528309,
      -8.29399526,
      1.70600474,
      14.69301773,
      4.59200762,
      -9.49249942,
      0.60851068,
      -11.1561952,
      -21.68251099,
      -11.37323264,
      -11.37323264,
      0.67496013,
      -9.85135566,
      -9.85135566,
      -9.85135566,
      -7.17362102,
      -8.76661186,
      1.33439824,
      1.33439824,
      13.68007725,
      13.39659036
    ],
    "weeklyDecisionDate": [
      {
        "week": "2026-06-2",
        "pnl": 0.845149559989951
      }
    ]
  },
  "secondHalf": {
    "count": 62,
    "wins": 33,
    "losses": 29,
    "voidOther": 0,
    "totalStake": 62,
    "grossPnl": 15.98159495,
    "grossRoiPct": 25.77676605,
    "meanPnl": 0.25776766,
    "medianPnl": 1.06185567,
    "maximumDrawdown": 5.84946237,
    "longestLossStreak": 4,
    "bestDecision": 2.278688524590164,
    "worstDecision": -1,
    "breakEvenCostBps": 2577.6766048,
    "rolling20Roi": [
      null,
      null,
      null,
      null,
      null,
      null,
      null,
      null,
      null,
      null,
      null,
      null,
      null,
      null,
      null,
      null,
      null,
      null,
      null,
      27.79603422,
      27.08639496,
      27.08639496,
      37.18740506,
      25.13921229,
      25.13921229,
      38.12622527,
      27.81694692,
      26.57855683,
      16.05224104,
      3.70656203,
      3.02682939,
      3.02682939,
      14.26278445,
      25.13234966,
      21.80053079,
      11.04784262,
      22.03685361,
      25.77691906,
      12.78990608,
      28.66292195,
      29.12561715,
      29.12561715,
      31.07279982,
      43.41847883,
      53.94479462,
      53.30346065,
      53.30346065,
      59.17058748,
      59.17058748,
      59.17058748,
      61.84832212,
      72.15760047,
      60.92164541,
      50.05208019,
      39.29939202,
      50.05208019,
      39.0630692,
      24.57031558,
      24.57031558,
      8.69729971,
      9.4729946,
      22.46000759
    ],
    "weeklyDecisionDate": [
      {
        "week": "2026-06-2",
        "pnl": 3.6607289786432786
      },
      {
        "week": "2026-06-3",
        "pnl": 13.560726295325093
      },
      {
        "week": "2026-06-4",
        "pnl": -1
      },
      {
        "week": "2026-07-1",
        "pnl": 0.8097959019142924
      },
      {
        "week": "2026-07-2",
        "pnl": -1.0496562261268143
      }
    ]
  },
  "rolling20Roi": [
    null,
    null,
    null,
    null,
    null,
    null,
    null,
    null,
    null,
    null,
    null,
    null,
    null,
    null,
    null,
    null,
    null,
    null,
    null,
    -13.53180467,
    -1.18612565,
    -11.71244144,
    -1.40316309,
    -1.40316309,
    -12.15585126,
    -2.05484116,
    12.02966588,
    -0.01852689,
    11.74617899,
    11.28348379,
    11.28348379,
    11.28348379,
    0.53079562,
    11.05711141,
    11.05711141,
    11.05711141,
    11.05711141,
    13.30178032,
    2.31276933,
    2.31276933,
    -10.03290968,
    2.01528309,
    -8.29399526,
    1.70600474,
    14.69301773,
    4.59200762,
    -9.49249942,
    0.60851068,
    -11.1561952,
    -21.68251099,
    -11.37323264,
    -11.37323264,
    0.67496013,
    -9.85135566,
    -9.85135566,
    -9.85135566,
    -7.17362102,
    -8.76661186,
    1.33439824,
    1.33439824,
    13.68007725,
    13.39659036,
    24.63254542,
    14.63254542,
    1.64553243,
    13.6937252,
    13.6937252,
    3.5927151,
    13.90199345,
    25.66669934,
    25.88373678,
    38.22941579,
    37.17023401,
    37.17023401,
    37.17023401,
    37.17023401,
    38.26772806,
    38.26772806,
    28.16671796,
    38.91940613,
    39.56074011,
    27.79603422,
    27.08639496,
    27.08639496,
    37.18740506,
    25.13921229,
    25.13921229,
    38.12622527,
    27.81694692,
    26.57855683,
    16.05224104,
    3.70656203,
    3.02682939,
    3.02682939,
    14.26278445,
    25.13234966,
    21.80053079,
    11.04784262,
    22.03685361,
    25.77691906,
    12.78990608,
    28.66292195,
    29.12561715,
    29.12561715,
    31.07279982,
    43.41847883,
    53.94479462,
    53.30346065,
    53.30346065,
    59.17058748,
    59.17058748,
    59.17058748,
    61.84832212,
    72.15760047,
    60.92164541,
    50.05208019,
    39.29939202,
    50.05208019,
    39.0630692,
    24.57031558,
    24.57031558,
    8.69729971,
    9.4729946,
    22.46000759
  ],
  "rolling40Roi": [
    null,
    null,
    null,
    null,
    null,
    null,
    null,
    null,
    null,
    null,
    null,
    null,
    null,
    null,
    null,
    null,
    null,
    null,
    null,
    null,
    null,
    null,
    null,
    null,
    null,
    null,
    null,
    null,
    null,
    null,
    null,
    null,
    null,
    null,
    null,
    null,
    null,
    null,
    null,
    -5.60951767,
    -5.60951767,
    -4.84857918,
    -4.84857918,
    0.15142082,
    1.26858323,
    1.26858323,
    1.26858323,
    0.2949919,
    0.2949919,
    -5.1995136,
    -0.04487442,
    -0.04487442,
    0.60287788,
    0.60287788,
    0.60287788,
    0.60287788,
    1.94174519,
    2.26758423,
    1.82358379,
    1.82358379,
    1.82358379,
    7.70593673,
    8.16927508,
    8.16927508,
    8.16927508,
    9.14286641,
    2.10061289,
    2.10061289,
    1.37289913,
    1.99209417,
    7.25525207,
    13.42809157,
    18.92259707,
    13.65943917,
    13.65943917,
    13.65943917,
    15.54705352,
    14.7505581,
    14.7505581,
    20.12690219,
    26.62040868,
    20.59631229,
    25.85947019,
    20.85947019,
    19.41646875,
    19.41646875,
    19.41646875,
    20.85947019,
    20.85947019,
    26.12262808,
    20.96798891,
    20.96798891,
    20.0985317,
    20.0985317,
    25.71650923,
    31.15129184,
    30.03412943,
    24.65778534,
    25.10178579,
    32.3481626,
    26.17532309,
    28.22947809,
    28.10600605,
    28.10600605,
    34.13010244,
    34.27884556,
    39.54200345,
    45.71484296,
    40.56020378,
    42.87457215,
    37.61141426,
    31.43857475,
    32.43757575,
    37.59221493,
    37.59221493,
    37.59221493,
    30.54996141,
    30.54996141,
    30.54996141,
    25.17361732,
    18.68011083,
    18.68011083,
    19.29930587,
    25.79281237
  ],
  "top5Contribution": 9.98564524,
  "bootstrapMean95": [
    -0.0721065,
    0.34390995
  ],
  "wilson95": [
    0.40551453,
    0.57884111
  ],
  "seed": 20260717,
  "resamples": 10000
}
