stage,battle_trace_key,event_title,event_slug,market_title,market_slug,status,market_class,game_start_iso,due_window_state,due_window_start_iso,due_window_end_iso,stake_usd,condition_id,token_id,created_at,selection_reason,plan_run_id,tier
queue,contur3:night-plan:2026-09-06:1700-minsk:provider:polymarket:909596:2026-09-06:0xd11c6cd98d4ed995e22d86830880527a5fe0fe355c864348f40e23d4e83fa909:109166243334734723187413842106428506156443131617500067986129035327953246108877,,spread: se palmeiras (-2.5),$109 matched activity,$109 matched activity,CLAIMED,ALLOWED_FULLMATCH,2026-09-06T21:30:00+00:00,EXPIRED,2026-09-06T20:20:00.000Z,2026-09-06T21:27:00.000Z,2.5,0xd11c6cd98d4ed995e22d86830880527a5fe0fe355c864348f40e23d4e83fa909,109166243334734723187413842106428506156443131617500067986129035327953246108877,2026-09-06T20:20:34.12302+00:00,RESERVED_EVENT_MAX_SIGNAL_SCORE_V1,night-plan:2026-09-06:1700-minsk,TIER2_SAFE_EXPAND_60_COV50
queue,contur3:night-plan:2026-09-06:1700-minsk:provider:polymarket:926680:2026-09-06:0x1dc605415c6fc6059061063382412ae57a959608bd117dd59d85c647f3669500:69526711387591010164501780399567573384012931505780477850037713491955436087473,,gil vicente fc — match winner,$8K matched activity,$8K matched activity,CLAIMED,ALLOWED_FULLMATCH,2026-09-06T19:30:00+00:00,EXPIRED,2026-09-06T18:20:00.000Z,2026-09-06T19:27:00.000Z,2.5,0x1dc605415c6fc6059061063382412ae57a959608bd117dd59d85c647f3669500,69526711387591010164501780399567573384012931505780477850037713491955436087473,2026-09-06T18:20:21.477379+00:00,RESERVED_EVENT_MAX_SIGNAL_SCORE_V1,night-plan:2026-09-06:1700-minsk,TIER2_SAFE_EXPAND_60_COV50
queue,contur3:night-plan:2026-09-06:1700-minsk:provider:polymarket:903969:2026-09-06:0xf71566e61c1ef46c58f431d386b774d3c575eb5e6d495c92616ee5d1436a2272:102139248746373415939461426382762815500991214384904863888040725921009273953582,,spread: ca paranaense (-2.5),$82 matched activity,$82 matched activity,CLAIMED,ALLOWED_FULLMATCH,2026-09-06T19:00:00+00:00,EXPIRED,2026-09-06T17:50:00.000Z,2026-09-06T18:57:00.000Z,2.5,0xf71566e61c1ef46c58f431d386b774d3c575eb5e6d495c92616ee5d1436a2272,102139248746373415939461426382762815500991214384904863888040725921009273953582,2026-09-06T17:50:27.395258+00:00,RESERVED_EVENT_MAX_SIGNAL_SCORE_V1,night-plan:2026-09-06:1700-minsk,TIER2_SAFE_EXPAND_60_COV50
queue,contur3:night-plan:2026-09-06:1700-minsk:provider:polymarket:899834:2026-09-06:0x7abc9b6251a58c22463decd8164e1dbcfba81129ca5b0ca8f3b8c25195225e68:47705348347256890469120954154545562355561519780285502994468463362414904643978,,spread: ac milan (-2.5),$10K matched activity,$10K matched activity,CLAIMED,ALLOWED_FULLMATCH,2026-09-06T18:45:00+00:00,EXPIRED,2026-09-06T17:35:00.000Z,2026-09-06T18:42:00.000Z,2.5,0x7abc9b6251a58c22463decd8164e1dbcfba81129ca5b0ca8f3b8c25195225e68,47705348347256890469120954154545562355561519780285502994468463362414904643978,2026-09-06T17:35:09.281507+00:00,RESERVED_EVENT_MAX_SIGNAL_SCORE_V1,night-plan:2026-09-06:1700-minsk,TIER1_CORE_STRICT_72_COV50
queue,contur3:night-plan:2026-09-06:1700-minsk:provider:polymarket:948797:2026-09-06:0x3b99624c5ae4f19f8f9ebfcd534da96f946cab2771065d5ca560e61d1bb363dd:50980491803046807907560721641091527285391126267894859594373923068940358492424,,sk beveren — match winner,$648 matched activity,$648 matched activity,CLAIMED,ALLOWED_FULLMATCH,2026-09-06T17:15:00+00:00,EXPIRED,2026-09-06T16:05:00.000Z,2026-09-06T17:12:00.000Z,2.5,0x3b99624c5ae4f19f8f9ebfcd534da96f946cab2771065d5ca560e61d1bb363dd,50980491803046807907560721641091527285391126267894859594373923068940358492424,2026-09-06T16:05:18.736352+00:00,RESERVED_EVENT_MAX_SIGNAL_SCORE_V1,night-plan:2026-09-06:1700-minsk,TIER2_SAFE_EXPAND_60_COV50
queue,contur3:night-plan:2026-09-06:1700-minsk:provider:polymarket:956083:2026-09-06:0x803c03afc40ce920069eebdb521559ec479b0a3addc9803a80042c5b000bc72a:39472961047445147884592978296959922813753383531296477279299887414593615854366,,apo levadiakos fc vs. panaitolikos agrinio - mo...,$33 matched activity,$33 matched activity,CLAIMED,ALLOWED_CORE,2026-09-06T17:00:00+00:00,EXPIRED,2026-09-06T15:50:00.000Z,2026-09-06T16:57:00.000Z,2.5,0x803c03afc40ce920069eebdb521559ec479b0a3addc9803a80042c5b000bc72a,39472961047445147884592978296959922813753383531296477279299887414593615854366,2026-09-06T15:50:26.509892+00:00,RESERVED_EVENT_MAX_SIGNAL_SCORE_V1,night-plan:2026-09-06:1700-minsk,TIER2_SAFE_EXPAND_60_COV50
queue,contur3:night-plan:2026-09-06:1700-minsk:provider:polymarket:936505:2026-09-06:0xe113823bf4acd341b30aad447ae97d49c8f60725fd06d45af718241d471c932e:70303325806379349000718391717834930282909724063432689565914163340055382923314,,trabzonspor vs. gençlerbirliği sk - more markets,$455 matched activity,$455 matched activity,CLAIMED,ALLOWED_CORE,2026-09-06T17:00:00+00:00,EXPIRED,2026-09-06T15:50:00.000Z,2026-09-06T16:57:00.000Z,2.5,0xe113823bf4acd341b30aad447ae97d49c8f60725fd06d45af718241d471c932e,70303325806379349000718391717834930282909724063432689565914163340055382923314,2026-09-06T15:50:25.765379+00:00,RESERVED_EVENT_MAX_SIGNAL_SCORE_V1,night-plan:2026-09-06:1700-minsk,TIER2_SAFE_EXPAND_60_COV50
queue,contur3:night-plan:2026-09-06:1700-minsk:provider:polymarket:900013:2026-09-06:0xaaeb059234b3396c1f5e5d775324d59bff2e4a62957119047b724ae9ae7a5f9f:42826101300920515269963906484839837020815196043906088957849898398015834957665,,deportivo alavés — match winner,$2K matched activity,$2K matched activity,EXPIRED,ALLOWED_FULLMATCH,2026-09-06T16:30:00+00:00,EXPIRED,2026-09-06T15:20:00.000Z,2026-09-06T16:27:00.000Z,2.5,0xaaeb059234b3396c1f5e5d775324d59bff2e4a62957119047b724ae9ae7a5f9f,42826101300920515269963906484839837020815196043906088957849898398015834957665,2026-09-06T15:20:23.271807+00:00,LATEST_ENTRY_WINDOW_PASSED,night-plan:2026-09-06:1700-minsk,TIER2_SAFE_EXPAND_60_COV50
queue,contur3:night-plan:2026-09-06:1700-minsk:provider:polymarket:941708:2026-09-06:0x1a4ef4ed1ad048c9a953cc4739ddd807a8d379716e753f5c79260a355151dac0:32737483954933244961538517586644310598455466720817457554929852535887407423956,,milwaukee brewers vs. cincinnati reds,$70K matched activity,$70K matched activity,CLAIMED,ALLOWED_CORE,2026-09-06T16:10:00+00:00,EXPIRED,2026-09-06T15:00:00.000Z,2026-09-06T16:07:00.000Z,2.5,0x1a4ef4ed1ad048c9a953cc4739ddd807a8d379716e753f5c79260a355151dac0,32737483954933244961538517586644310598455466720817457554929852535887407423956,2026-09-06T15:00:25.092853+00:00,RESERVED_EVENT_MAX_SIGNAL_SCORE_V1,night-plan:2026-09-06:1700-minsk,TIER1_CORE_STRICT_72_COV50
queue,contur3:night-plan:2026-09-06:1700-minsk:provider:polymarket:899838:2026-09-06:0x19f202f43b67bc3e0499a93eedb74e2abd3fe81f0b6121b8b6df6b5281c56a79:99036660104789790007444362793787835232278704269737501908879519283343507265330,,spread: us sassuolo calcio (-2.5),$20K matched activity,$20K matched activity,CLAIMED,ALLOWED_FULLMATCH,2026-09-06T16:00:00+00:00,EXPIRED,2026-09-06T14:50:00.000Z,2026-09-06T15:57:00.000Z,2.5,0x19f202f43b67bc3e0499a93eedb74e2abd3fe81f0b6121b8b6df6b5281c56a79,99036660104789790007444362793787835232278704269737501908879519283343507265330,2026-09-06T14:50:32.669044+00:00,RESERVED_EVENT_MAX_SIGNAL_SCORE_V1,night-plan:2026-09-06:1700-minsk,TIER1_CORE_STRICT_72_COV50
queue,contur3:night-plan:2026-09-06:1700-minsk:provider:polymarket:954999:2026-09-06:0x5b29df0163b9916137dfe6562d1ac225f313b8fa9b04e3831a618da778294cf1:36248246079167609155973017650730236228789850043098462396724969664632620619344,,ferencvarosi budapest vs. ujpest fc budapest: o...,$59 matched activity,$59 matched activity,CLAIMED,ALLOWED_CORE,2026-09-06T15:45:00+00:00,EXPIRED,2026-09-06T14:35:00.000Z,2026-09-06T15:42:00.000Z,2.5,0x5b29df0163b9916137dfe6562d1ac225f313b8fa9b04e3831a618da778294cf1,36248246079167609155973017650730236228789850043098462396724969664632620619344,2026-09-06T14:35:31.38064+00:00,RESERVED_EVENT_MAX_SIGNAL_SCORE_V1,night-plan:2026-09-06:1700-minsk,TIER1_CORE_STRICT_72_COV50
queue,contur3:night-plan:2026-09-06:1700-minsk:provider:polymarket:899836:2026-09-06:0x3ed5e532b60cc309367e12c8f11d04d82eb3391818ec367a69a77db0d0e98bbc:41645143473321731982314348110227981563884386601954295203338191738651460636116,,eintracht frankfurt vs. fc augsburg: o/u 3.5,$32K matched activity,$32K matched activity,CLAIMED,ALLOWED_CORE,2026-09-06T15:30:00+00:00,EXPIRED,2026-09-06T14:20:00.000Z,2026-09-06T15:27:00.000Z,2.5,0x3ed5e532b60cc309367e12c8f11d04d82eb3391818ec367a69a77db0d0e98bbc,41645143473321731982314348110227981563884386601954295203338191738651460636116,2026-09-06T14:20:09.567649+00:00,RESERVED_EVENT_MAX_SIGNAL_SCORE_V1,night-plan:2026-09-06:1700-minsk,TIER1_CORE_STRICT_72_COV50
queue,contur3:night-plan:2026-09-06:1700-minsk:provider:polymarket:899837:2026-09-06:0x6e4db7b0dfc5546d7bcbcbb0ac766df764bcbd194d146b99d05827422d319fef:91155199679000545429397096624584619595901133963752225976952783061775411363370,,arsenal fc vs. chelsea fc: o/u 2.5,$23K matched activity,$23K matched activity,CLAIMED,ALLOWED_CORE,2026-09-06T15:30:00+00:00,EXPIRED,2026-09-06T14:20:00.000Z,2026-09-06T15:27:00.000Z,2.5,0x6e4db7b0dfc5546d7bcbcbb0ac766df764bcbd194d146b99d05827422d319fef,91155199679000545429397096624584619595901133963752225976952783061775411363370,2026-09-06T14:20:09.108362+00:00,RESERVED_EVENT_MAX_SIGNAL_SCORE_V1,night-plan:2026-09-06:1700-minsk,TIER1_CORE_STRICT_72_COV50
queue,contur3:night-plan:2026-09-06:1700-minsk:provider:polymarket:942602:2026-09-06:0x0d593a8683722e553f47b5de5a74cbd9578c1949dd213f2f6e3a4bb054fb9382:45221551925770825138320098469607748953244052565073831304423222079097527773168,,fc lugano — match winner,$1K matched activity,$1K matched activity,CLAIMED,ALLOWED_FULLMATCH,2026-09-06T14:30:00+00:00,EXPIRED,2026-09-06T13:20:00.000Z,2026-09-06T14:27:00.000Z,2.5,0x0d593a8683722e553f47b5de5a74cbd9578c1949dd213f2f6e3a4bb054fb9382,45221551925770825138320098469607748953244052565073831304423222079097527773168,2026-09-06T14:05:21.714994+00:00,RESERVED_EVENT_MAX_SIGNAL_SCORE_V1,night-plan:2026-09-06:1700-minsk,TIER2_SAFE_EXPAND_60_COV50
queue,contur3:night-plan:2026-09-06:1700-minsk:provider:polymarket:899839:2026-09-06:0x21fdd274e828f3391c8fc3e8da95837cdbc70be64537792059a0db8560d28a50:75457727865596752731950778090946756712692931294202800662549200890555299099779,,spread: angers sco (-2.5),$901 matched activity,$901 matched activity,CLAIMED,ALLOWED_FULLMATCH,2026-09-06T15:15:00+00:00,EXPIRED,2026-09-06T14:05:00.000Z,2026-09-06T15:12:00.000Z,2.5,0x21fdd274e828f3391c8fc3e8da95837cdbc70be64537792059a0db8560d28a50,75457727865596752731950778090946756712692931294202800662549200890555299099779,2026-09-06T14:05:20.674254+00:00,RESERVED_EVENT_MAX_SIGNAL_SCORE_V1,night-plan:2026-09-06:1700-minsk,TIER2_SAFE_EXPAND_60_COV50
queue,contur3:night-plan:2026-09-04:1700-minsk:provider:polymarket:930711:2026-09-05:0x9a7f3889bb30dc17c2e9a2b23ce1ed8f9ce4701cd5e2beb9ce6131b2aea9049e:104846462728649773953464520376423390138114448282322878147428847978929802473603,,tampa bay rays vs. texas rangers,$21K matched activity,$21K matched activity,EXPIRED,ALLOWED_CORE,2026-09-05T00:05:00+00:00,EXPIRED,2026-09-04T22:55:00.000Z,2026-09-05T00:02:00.000Z,2.5,0x9a7f3889bb30dc17c2e9a2b23ce1ed8f9ce4701cd5e2beb9ce6131b2aea9049e,104846462728649773953464520376423390138114448282322878147428847978929802473603,2026-09-04T22:55:22.863435+00:00,LATEST_ENTRY_WINDOW_PASSED,night-plan:2026-09-04:1700-minsk,TIER1_CORE_STRICT_72_COV50
queue,contur3:night-plan:2026-09-04:1700-minsk:provider:polymarket:888533:2026-09-04:0x053d80d1fc186011d2ff87c5804f05f623147e30a8cb3a2246e7e4d7bbd80335:73902256041454884466246663000169878233943796153774979392235500929926131343222,,paris saint-germain fc vs. as monaco fc: o/u 0.5,$18K matched activity,$18K matched activity,CLAIMED,ALLOWED_CORE,2026-09-04T19:05:00+00:00,EXPIRED,2026-09-04T17:55:00.000Z,2026-09-04T19:02:00.000Z,2.5,0x053d80d1fc186011d2ff87c5804f05f623147e30a8cb3a2246e7e4d7bbd80335,73902256041454884466246663000169878233943796153774979392235500929926131343222,2026-09-04T17:55:30.204202+00:00,RESERVED_EVENT_MAX_SIGNAL_SCORE_V1,night-plan:2026-09-04:1700-minsk,TIER1_CORE_STRICT_72_COV50
queue,contur3:night-plan:2026-09-04:1700-minsk:provider:polymarket:950393:2026-09-04:0x974036bdb3bf145dd4314086b4f080ea339a6b74899f256ac580a6f77d07cb19:87746342125144385420596235597322077229173591049423794563625124813990894767797,,spread: shelbourne fc (-2.5),$8 matched activity,$8 matched activity,CLAIMED,ALLOWED_FULLMATCH,2026-09-04T19:00:00+00:00,EXPIRED,2026-09-04T17:50:00.000Z,2026-09-04T18:57:00.000Z,2.5,0x974036bdb3bf145dd4314086b4f080ea339a6b74899f256ac580a6f77d07cb19,87746342125144385420596235597322077229173591049423794563625124813990894767797,2026-09-04T17:50:52.767854+00:00,RESERVED_EVENT_MAX_SIGNAL_SCORE_V1,night-plan:2026-09-04:1700-minsk,TIER2_SAFE_EXPAND_60_COV50
queue,contur3:night-plan:2026-09-04:1700-minsk:provider:polymarket:896075:2026-09-04:0x09eb0943c8a313db7b2e54c0674a8b2c1a306f2f1d2e9482f4f5bad7b5f84786:21838104610125959174685025718848061231039951096331782904552668079825386065490,,spread: sandefjord fotball (-1.5),$2K matched activity,$2K matched activity,CLAIMED,ALLOWED_FULLMATCH,2026-09-04T19:00:00+00:00,EXPIRED,2026-09-04T17:50:00.000Z,2026-09-04T18:57:00.000Z,2.5,0x09eb0943c8a313db7b2e54c0674a8b2c1a306f2f1d2e9482f4f5bad7b5f84786,21838104610125959174685025718848061231039951096331782904552668079825386065490,2026-09-04T17:50:52.36885+00:00,RESERVED_EVENT_MAX_SIGNAL_SCORE_V1,night-plan:2026-09-04:1700-minsk,TIER1_CORE_STRICT_72_COV50
queue,contur3:night-plan:2026-09-04:1700-minsk:provider:polymarket:888535:2026-09-04:0xbda2b0ac813dd9ba18c7338e7bd7d8bfe4b4e55e6708e2d54965f365060975bf:3393320676418801535127060260483891024562190912018473840602038740152571027390,,ipswich town fc vs. liverpool fc: o/u 3.5,$14K matched activity,$14K matched activity,CLAIMED,ALLOWED_CORE,2026-09-04T19:00:00+00:00,EXPIRED,2026-09-04T17:50:00.000Z,2026-09-04T18:57:00.000Z,2.5,0xbda2b0ac813dd9ba18c7338e7bd7d8bfe4b4e55e6708e2d54965f365060975bf,3393320676418801535127060260483891024562190912018473840602038740152571027390,2026-09-04T17:50:51.619088+00:00,RESERVED_EVENT_MAX_SIGNAL_SCORE_V1,night-plan:2026-09-04:1700-minsk,TIER1_CORE_STRICT_72_COV50
queue,contur3:night-plan:2026-09-04:1700-minsk:provider:polymarket:888534:2026-09-04:0xa84a136e7219fc1b5e02a649fc5dcdac59d4a823b5222ceb0af2b2006dc92453:110506662158938248037417231821309028999034480539004266289421475673984861009908,,spread: genoa cfc (-2.5),$8K matched activity,$8K matched activity,CLAIMED,ALLOWED_FULLMATCH,2026-09-04T18:45:00+00:00,EXPIRED,2026-09-04T17:35:00.000Z,2026-09-04T18:42:00.000Z,2.5,0xa84a136e7219fc1b5e02a649fc5dcdac59d4a823b5222ceb0af2b2006dc92453,110506662158938248037417231821309028999034480539004266289421475673984861009908,2026-09-04T17:35:25.172809+00:00,RESERVED_EVENT_MAX_SIGNAL_SCORE_V1,night-plan:2026-09-04:1700-minsk,TIER1_CORE_STRICT_72_COV50
queue,contur3:night-plan:2026-09-04:1700-minsk:provider:polymarket:944239:2026-09-04:0x565f2f7c225546cef196ed4d802ad0a4753ebea2b7f36050c9683125007d2dd7:51141904029510328198397508010814388295119593447068897610488183475926409697993,,spread: gks piast gliwice (-2.5),$1K matched activity,$1K matched activity,CLAIMED,ALLOWED_FULLMATCH,2026-09-04T18:30:00+00:00,EXPIRED,2026-09-04T17:20:00.000Z,2026-09-04T18:27:00.000Z,2.5,0x565f2f7c225546cef196ed4d802ad0a4753ebea2b7f36050c9683125007d2dd7,51141904029510328198397508010814388295119593447068897610488183475926409697993,2026-09-04T17:22:43.485636+00:00,RESERVED_EVENT_MAX_SIGNAL_SCORE_V1,night-plan:2026-09-04:1700-minsk,TIER2_SAFE_EXPAND_60_COV50
queue,contur3:night-plan:2026-09-04:1700-minsk:provider:polymarket:927031:2026-09-04:0x19bfec797d8141e1018239a27cfbe436ecbdc129cc5623207c72c16d1ab624f9:15623110526816448713873854918742411505210968392035520004749960126225644057820,,fc arda kardzhali — match winner,$106 matched activity,$106 matched activity,CLAIMED,ALLOWED_FULLMATCH,2026-09-04T18:15:00+00:00,EXPIRED,2026-09-04T17:05:00.000Z,2026-09-04T18:12:00.000Z,2.5,0x19bfec797d8141e1018239a27cfbe436ecbdc129cc5623207c72c16d1ab624f9,15623110526816448713873854918742411505210968392035520004749960126225644057820,2026-09-04T17:05:49.454685+00:00,RESERVED_EVENT_MAX_SIGNAL_SCORE_V1,night-plan:2026-09-04:1700-minsk,TIER2_SAFE_EXPAND_60_COV50
queue,contur3:night-plan:2026-09-04:1700-minsk:provider:polymarket:572660:2026-09-04:0xb4528250bfbecacd1da31cd9dac28d32077c66cc921a8598da6b8e4265144507:12288629634122425617792181954872467680422585098128024124865951704978705497588,,detroit tigers vs. cleveland guardians,$16K matched activity,$16K matched activity,CLAIMED,ALLOWED_CORE,2026-09-04T18:10:00+00:00,EXPIRED,2026-09-04T17:00:00.000Z,2026-09-04T18:07:00.000Z,2.5,0xb4528250bfbecacd1da31cd9dac28d32077c66cc921a8598da6b8e4265144507,12288629634122425617792181954872467680422585098128024124865951704978705497588,2026-09-04T17:00:48.242229+00:00,RESERVED_EVENT_MAX_SIGNAL_SCORE_V1,night-plan:2026-09-04:1700-minsk,TIER1_CORE_STRICT_72_COV50
queue,contur3:night-plan:2026-09-04:1700-minsk:provider:polymarket:891582:2026-09-04:0x8ef811dd84d165ffd70216ffdfadfb4a35952a3b08668231ae2da5606a5f9414:85101428211276429252126085400587883608990556056935276329935877217414670105775,,spread: usl dunkerque (-2.5),$19 matched activity,$19 matched activity,CLAIMED,ALLOWED_FULLMATCH,2026-09-04T18:00:00+00:00,EXPIRED,2026-09-04T16:50:00.000Z,2026-09-04T17:57:00.000Z,2.5,0x8ef811dd84d165ffd70216ffdfadfb4a35952a3b08668231ae2da5606a5f9414,85101428211276429252126085400587883608990556056935276329935877217414670105775,2026-09-04T16:50:23.553598+00:00,RESERVED_EVENT_MAX_SIGNAL_SCORE_V1,night-plan:2026-09-04:1700-minsk,TIER2_SAFE_EXPAND_60_COV50
queue,contur3:night-plan:2026-09-04:1700-minsk:provider:polymarket:891583:2026-09-04:0x8a26b00566c68584931084716e56faebcd92da857440cbf08d5d7bf98cc504ba:14493571545646108342482295210222757879656184122802489085576437571580908849734,,pau fc vs. fc sochaux-montbéliard - more markets,$23 matched activity,$23 matched activity,CLAIMED,ALLOWED_CORE,2026-09-04T18:00:00+00:00,EXPIRED,2026-09-04T16:50:00.000Z,2026-09-04T17:57:00.000Z,2.5,0x8a26b00566c68584931084716e56faebcd92da857440cbf08d5d7bf98cc504ba,14493571545646108342482295210222757879656184122802489085576437571580908849734,2026-09-04T16:50:23.175753+00:00,RESERVED_EVENT_MAX_SIGNAL_SCORE_V1,night-plan:2026-09-04:1700-minsk,TIER2_SAFE_EXPAND_60_COV50
queue,contur3:night-plan:2026-09-04:1700-minsk:provider:polymarket:893776:2026-09-04:0x30f6dfd9657367f5a997e2364c08957ca963ec73d2afc234d4599ed52de6c44c:78860798147600666295849731438304671363635170658538006827445875502600617325103,,spread: pec zwolle (-2.5),$2K matched activity,$2K matched activity,CLAIMED,ALLOWED_FULLMATCH,2026-09-04T18:00:00+00:00,EXPIRED,2026-09-04T16:50:00.000Z,2026-09-04T17:57:00.000Z,2.5,0x30f6dfd9657367f5a997e2364c08957ca963ec73d2afc234d4599ed52de6c44c,78860798147600666295849731438304671363635170658538006827445875502600617325103,2026-09-04T16:50:22.705417+00:00,RESERVED_EVENT_MAX_SIGNAL_SCORE_V1,night-plan:2026-09-04:1700-minsk,TIER2_SAFE_EXPAND_60_COV50
queue,contur3:night-plan:2026-09-04:1700-minsk:provider:polymarket:888536:2026-09-04:0xd5c6f635b9b0d4d20d2563fe4994b1472ef53fe05e8ad4e42922e6bfd2c76228:43522256168478734330112578094794061431386462401156529281792047980206995125735,,spread: olympique lyonnais (-1.5),$9K matched activity,$9K matched activity,EXPIRED,ALLOWED_FULLMATCH,2026-09-04T17:00:00+00:00,EXPIRED,2026-09-04T15:50:00.000Z,2026-09-04T16:57:00.000Z,2.5,0xd5c6f635b9b0d4d20d2563fe4994b1472ef53fe05e8ad4e42922e6bfd2c76228,43522256168478734330112578094794061431386462401156529281792047980206995125735,2026-09-04T15:50:46.500335+00:00,LATEST_ENTRY_WINDOW_PASSED,night-plan:2026-09-04:1700-minsk,TIER1_CORE_STRICT_72_COV50
queue,contur3:night-plan:2026-09-04:1700-minsk:provider:polymarket:892285:2026-09-04:0xa37c0f24f84bcb843d8215d014a3a41e2165ac03ff796152146f57c59a35fc68:75968941083850495869112455903894022509396160327375230604858503818469798212012,,spread: abha saudi club (-2.5),$106 matched activity,$106 matched activity,CLAIMED,ALLOWED_FULLMATCH,2026-09-04T16:00:00+00:00,EXPIRED,2026-09-04T14:50:00.000Z,2026-09-04T15:57:00.000Z,2.5,0xa37c0f24f84bcb843d8215d014a3a41e2165ac03ff796152146f57c59a35fc68,75968941083850495869112455903894022509396160327375230604858503818469798212012,2026-09-04T14:50:35.14362+00:00,RESERVED_EVENT_MAX_SIGNAL_SCORE_V1,night-plan:2026-09-04:1700-minsk,TIER2_SAFE_EXPAND_60_COV50
queue,contur3:night-plan:2026-09-04:1000-minsk:provider:polymarket:942057:2026-09-04:0x2783181520dc794c4bf79990babf5d4193c617e3266782b78b59b07e44338dba:97503903571097781644901246309514127919798765144564856949320252682511966087612,,ittihad kalba fc vs. al ain fc - more markets,$221 matched activity,$221 matched activity,CLAIMED,ALLOWED_CORE,2026-09-04T13:45:00+00:00,EXPIRED,2026-09-04T12:35:00.000Z,2026-09-04T13:42:00.000Z,2.5,0x2783181520dc794c4bf79990babf5d4193c617e3266782b78b59b07e44338dba,97503903571097781644901246309514127919798765144564856949320252682511966087612,2026-09-04T12:35:31.474405+00:00,RESERVED_EVENT_MAX_SIGNAL_SCORE_V1,night-plan:2026-09-04:1000-minsk,TIER2_SAFE_EXPAND_60_COV50
queue,contur3:night-plan:2026-09-04:1000-minsk:provider:polymarket:958209:2026-09-04:0x1884379c6ab21ed390011e442df27060ef2d183d5a46d70f205dcfd2b87e4f3a:50574457796737666376991980555935840190854799106884933245590172024858344880744,,bali united vs. pss sleman: o/u 2.5,Live market activity,Live market activity,EXPIRED,ALLOWED_CORE,2026-09-04T12:00:00+00:00,EXPIRED,2026-09-04T10:50:00.000Z,2026-09-04T11:57:00.000Z,2.5,0x1884379c6ab21ed390011e442df27060ef2d183d5a46d70f205dcfd2b87e4f3a,50574457796737666376991980555935840190854799106884933245590172024858344880744,2026-09-04T10:50:33.404127+00:00,LATEST_ENTRY_WINDOW_PASSED,night-plan:2026-09-04:1000-minsk,TIER3_MICRO_EXPAND_50_COV25
queue,contur3:night-plan:2026-09-04:1000-minsk:provider:polymarket:941775:2026-09-04:0x108acee0f1109377b839dc2b1ce6c4d74f0c24b38bab27f1c54cc5f5f73405c1:9409882754645227965501002098648675273254275375668003309174625250326092585257,,spread: daegu fc (-1.5),Live market activity,Live market activity,CLAIMED,ALLOWED_FULLMATCH,2026-09-04T10:30:00+00:00,EXPIRED,2026-09-04T09:20:00.000Z,2026-09-04T10:27:00.000Z,2.5,0x108acee0f1109377b839dc2b1ce6c4d74f0c24b38bab27f1c54cc5f5f73405c1,9409882754645227965501002098648675273254275375668003309174625250326092585257,2026-09-04T09:20:05.228498+00:00,RESERVED_EVENT_MAX_SIGNAL_SCORE_V1,night-plan:2026-09-04:1000-minsk,TIER2_SAFE_EXPAND_60_COV50
queue,contur3:night-plan:2026-09-04:1000-minsk:provider:polymarket:941776:2026-09-04:0xd921dd49f57bdbc875f101b5323e075245571369ef6799da90343bca31fb017f:88117825972017383848459144351599705451959800758045645149027375174799659949361,,spread: chungbuk cheongju fc (-1.5),$312 matched activity,$312 matched activity,CLAIMED,ALLOWED_FULLMATCH,2026-09-04T10:30:00+00:00,EXPIRED,2026-09-04T09:20:00.000Z,2026-09-04T10:27:00.000Z,2.5,0xd921dd49f57bdbc875f101b5323e075245571369ef6799da90343bca31fb017f,88117825972017383848459144351599705451959800758045645149027375174799659949361,2026-09-04T09:20:04.785588+00:00,RESERVED_EVENT_MAX_SIGNAL_SCORE_V1,night-plan:2026-09-04:1000-minsk,TIER2_SAFE_EXPAND_60_COV50
queue,contur3:night-plan:2026-09-04:1000-minsk:provider:polymarket:889193:2026-09-04:0xadeea152d8f402d21ce2b82763d3eec5d260dc3b51a5115d903e29df3b8316bd:104449884914891137541149344065887239979080956519538752330409107308823600179379,,fk livyi bereh — match winner,$4 matched activity,$4 matched activity,CLAIMED,ALLOWED_FULLMATCH,2026-09-04T10:00:00+00:00,EXPIRED,2026-09-04T08:50:00.000Z,2026-09-04T09:57:00.000Z,2.5,0xadeea152d8f402d21ce2b82763d3eec5d260dc3b51a5115d903e29df3b8316bd,104449884914891137541149344065887239979080956519538752330409107308823600179379,2026-09-04T08:50:06.513617+00:00,RESERVED_EVENT_MAX_SIGNAL_SCORE_V1,night-plan:2026-09-04:1000-minsk,TIER2_SAFE_EXPAND_60_COV50
queue,contur3:night-plan:2026-09-03:1700-minsk:provider:polymarket:925829:2026-09-03:0x97a6b1a008306c811c6c59848fe2dac88d75de9aa1b5f847c989807040b680d0:74396104344772157330184580999237461310529984614345698077518265377187202378842,,boston red sox vs. baltimore orioles,$65K matched activity,$65K matched activity,CLAIMED,ALLOWED_CORE,2026-09-03T23:15:00+00:00,EXPIRED,2026-09-03T22:05:00.000Z,2026-09-03T23:12:00.000Z,2.5,0x97a6b1a008306c811c6c59848fe2dac88d75de9aa1b5f847c989807040b680d0,74396104344772157330184580999237461310529984614345698077518265377187202378842,2026-09-03T22:05:26.744282+00:00,RESERVED_EVENT_MAX_SIGNAL_SCORE_V1,night-plan:2026-09-03:1700-minsk,TIER1_CORE_STRICT_72_COV50
queue,contur3:night-plan:2026-09-03:1700-minsk:provider:polymarket:885802:2026-09-03:0xcedecca93f11dee03ffad2f2d97cd60e83f4ad197f2284d1387f38e13f1a93d9:36577635004894325301942128450298559934520866327492497607373786061770266910554,,cagliari calcio vs. hellas verona fc - more mar...,$2K matched activity,$2K matched activity,EXPIRED,ALLOWED_CORE,2026-09-03T19:00:00+00:00,EXPIRED,2026-09-03T17:50:00.000Z,2026-09-03T18:57:00.000Z,2.5,0xcedecca93f11dee03ffad2f2d97cd60e83f4ad197f2284d1387f38e13f1a93d9,36577635004894325301942128450298559934520866327492497607373786061770266910554,2026-09-03T17:50:36.779592+00:00,LATEST_ENTRY_WINDOW_PASSED,night-plan:2026-09-03:1700-minsk,TIER2_SAFE_EXPAND_60_COV50
queue,contur3:night-plan:2026-09-03:1700-minsk:provider:polymarket:885427:2026-09-03:0x638a68ca5798de07f7fa6dc3640da513c6c6f4e48069860f8c023f974f885802:26765797384996980144942452052396984697122137507256323701769488539071455762172,,cagliari calcio — match winner,$6K matched activity,$6K matched activity,EXPIRED,ALLOWED_FULLMATCH,2026-09-03T19:00:00+00:00,EXPIRED,2026-09-03T17:50:00.000Z,2026-09-03T18:57:00.000Z,2.5,0x638a68ca5798de07f7fa6dc3640da513c6c6f4e48069860f8c023f974f885802,26765797384996980144942452052396984697122137507256323701769488539071455762172,2026-09-03T17:50:36.264091+00:00,LATEST_ENTRY_WINDOW_PASSED,night-plan:2026-09-03:1700-minsk,TIER2_SAFE_EXPAND_60_COV50
queue,contur3:night-plan:2026-09-03:1700-minsk:provider:polymarket:887522:2026-09-03:0x2d9af514796567346fd00a05ba278f335323d8a3aa3218071d67ac31e1d96d87:17256666602824975142357944140411680763098928211846007375453598296395282158743,,hibernian fc vs. heart of midlothian fc - more ...,$814 matched activity,$814 matched activity,EXPIRED,ALLOWED_CORE,2026-09-03T18:45:00+00:00,EXPIRED,2026-09-03T17:35:00.000Z,2026-09-03T18:42:00.000Z,2.5,0x2d9af514796567346fd00a05ba278f335323d8a3aa3218071d67ac31e1d96d87,17256666602824975142357944140411680763098928211846007375453598296395282158743,2026-09-03T17:35:12.156209+00:00,LATEST_ENTRY_WINDOW_PASSED,night-plan:2026-09-03:1700-minsk,TIER2_SAFE_EXPAND_60_COV50
queue,contur3:night-plan:2026-09-03:1700-minsk:provider:polymarket:884653:2026-09-03:0x80a36a88fa7f465c4172d63b5af13b9356d15dfb5f67f0501194b841679ac28f:1612661997615991800974999809673321527086638162385687242038192688845778677640,,hibernian fc — match winner,$2K matched activity,$2K matched activity,EXPIRED,ALLOWED_FULLMATCH,2026-09-03T18:45:00+00:00,EXPIRED,2026-09-03T17:35:00.000Z,2026-09-03T18:42:00.000Z,2.5,0x80a36a88fa7f465c4172d63b5af13b9356d15dfb5f67f0501194b841679ac28f,1612661997615991800974999809673321527086638162385687242038192688845778677640,2026-09-03T17:35:11.771021+00:00,LATEST_ENTRY_WINDOW_PASSED,night-plan:2026-09-03:1700-minsk,TIER2_SAFE_EXPAND_60_COV50
queue,contur3:night-plan:2026-09-03:1700-minsk:provider:polymarket:883766:2026-09-03:0xda29e1df4df84670ff4d6ebd73a5206bdca26db42196ec7dea309fa2c1dd64eb:45939365336316514912446614653467203932885264399662310750647723981569290182359,,lille osc — match winner,$16K matched activity,$16K matched activity,EXPIRED,ALLOWED_FULLMATCH,2026-09-03T18:45:00+00:00,EXPIRED,2026-09-03T17:35:00.000Z,2026-09-03T18:42:00.000Z,2.5,0xda29e1df4df84670ff4d6ebd73a5206bdca26db42196ec7dea309fa2c1dd64eb,45939365336316514912446614653467203932885264399662310750647723981569290182359,2026-09-03T17:35:11.35429+00:00,LATEST_ENTRY_WINDOW_PASSED,night-plan:2026-09-03:1700-minsk,TIER1_CORE_STRICT_72_COV50
queue,contur3:night-plan:2026-09-03:1700-minsk:provider:polymarket:936576:2026-09-03:0xa7316646aa77fa0a9da13a4be4d843d10ade54a4e7728b1c83a2fd6d54513122:34856762889242261314284624006680354866276444323221197904793111220331480547293,,fc basel 1893 vs. fc sion - more markets,$186 matched activity,$186 matched activity,EXPIRED,ALLOWED_CORE,2026-09-03T18:30:00+00:00,EXPIRED,2026-09-03T17:20:00.000Z,2026-09-03T18:27:00.000Z,2.5,0xa7316646aa77fa0a9da13a4be4d843d10ade54a4e7728b1c83a2fd6d54513122,34856762889242261314284624006680354866276444323221197904793111220331480547293,2026-09-03T17:20:26.725536+00:00,LATEST_ENTRY_WINDOW_PASSED,night-plan:2026-09-03:1700-minsk,TIER2_SAFE_EXPAND_60_COV50
queue,contur3:night-plan:2026-09-03:1700-minsk:provider:polymarket:936577:2026-09-03:0xc00ffb963e3e35785c6becd2712ba14d017bb7dfd805d44d22604e93b5d7fadc:114810577310821718443698186290953917527635281655839427865037420690100363576152,,fc lugano vs. servette geneva: o/u 2.5,$12K matched activity,$12K matched activity,EXPIRED,ALLOWED_CORE,2026-09-03T18:30:00+00:00,EXPIRED,2026-09-03T17:20:00.000Z,2026-09-03T18:27:00.000Z,2.5,0xc00ffb963e3e35785c6becd2712ba14d017bb7dfd805d44d22604e93b5d7fadc,114810577310821718443698186290953917527635281655839427865037420690100363576152,2026-09-03T17:20:26.260884+00:00,LATEST_ENTRY_WINDOW_PASSED,night-plan:2026-09-03:1700-minsk,TIER1_CORE_STRICT_72_COV50
queue,contur3:night-plan:2026-09-03:1700-minsk:provider:polymarket:885990:2026-09-03:0x1288900cfb46714547ae4f9953dd02da52bf490841b7db6a976f706fbf9a494f:56654925467505557484076013818008641378341290976625970430318627861631014249776,,spread: fc nordsjælland (-2.5),$1K matched activity,$1K matched activity,EXPIRED,ALLOWED_FULLMATCH,2026-09-03T18:00:00+00:00,EXPIRED,2026-09-03T16:50:00.000Z,2026-09-03T17:57:00.000Z,2.5,0x1288900cfb46714547ae4f9953dd02da52bf490841b7db6a976f706fbf9a494f,56654925467505557484076013818008641378341290976625970430318627861631014249776,2026-09-03T16:50:06.22607+00:00,LATEST_ENTRY_WINDOW_PASSED,night-plan:2026-09-03:1700-minsk,TIER2_SAFE_EXPAND_60_COV50
queue,contur3:night-plan:2026-09-03:1700-minsk:provider:polymarket:938651:2026-09-03:0x5fb3e42e00abdb8e5293c3140700e51e1bdef1f188f988dc14bff00f71563987:105729230207136582680377734243279609335500182290952581312388037357196008380771,,spread: wkw eto fc gyor (-2.5),$33 matched activity,$33 matched activity,EXPIRED,ALLOWED_FULLMATCH,2026-09-03T17:30:00+00:00,EXPIRED,2026-09-03T16:20:00.000Z,2026-09-03T17:27:00.000Z,2.5,0x5fb3e42e00abdb8e5293c3140700e51e1bdef1f188f988dc14bff00f71563987,105729230207136582680377734243279609335500182290952581312388037357196008380771,2026-09-03T16:20:35.26155+00:00,LATEST_ENTRY_WINDOW_PASSED,night-plan:2026-09-03:1700-minsk,TIER2_SAFE_EXPAND_60_COV50
queue,contur3:night-plan:2026-09-03:1700-minsk:provider:polymarket:922130:2026-09-03:0x1b30513d3f599bd67288f3479e444e1a3aff953f206ae74b6d359bd6a07812d8:107863412163794645586807468548988122474727381422334777194889232871463333927449,,hapoel tel aviv fc vs. beitar jerusalem fc: o/u...,$572 matched activity,$572 matched activity,EXPIRED,ALLOWED_CORE,2026-09-03T17:30:00+00:00,EXPIRED,2026-09-03T16:20:00.000Z,2026-09-03T17:27:00.000Z,2.5,0x1b30513d3f599bd67288f3479e444e1a3aff953f206ae74b6d359bd6a07812d8,107863412163794645586807468548988122474727381422334777194889232871463333927449,2026-09-03T16:20:34.82886+00:00,LATEST_ENTRY_WINDOW_PASSED,night-plan:2026-09-03:1700-minsk,TIER1_CORE_STRICT_72_COV50
queue,contur3:night-plan:2026-09-03:1700-minsk:provider:polymarket:938520:2026-09-03:0x6007a75bb87a221faf7f1aebfc204e9f19de76274daedc8091ebc8b7da0f33af:9323621237480967654823407632442480741947481493372321811584975603489058527098,,spread: esenler erokspor (-1.5),$116 matched activity,$116 matched activity,EXPIRED,ALLOWED_FULLMATCH,2026-09-03T17:00:00+00:00,EXPIRED,2026-09-03T15:50:00.000Z,2026-09-03T16:57:00.000Z,2.5,0x6007a75bb87a221faf7f1aebfc204e9f19de76274daedc8091ebc8b7da0f33af,9323621237480967654823407632442480741947481493372321811584975603489058527098,2026-09-03T15:50:27.307933+00:00,LATEST_ENTRY_WINDOW_PASSED,night-plan:2026-09-03:1700-minsk,TIER2_SAFE_EXPAND_60_COV50
queue,contur3:night-plan:2026-09-03:1700-minsk:provider:polymarket:937206:2026-09-03:0x24bddcc1233ea7411b7dd17eebcf2d16933064c801f1c41816930ee448648565:67040296507134020290753278024611802066304899189630554201513475608308274151683,,al-sailiya sc vs. al arabi doha sc: o/u 1.5,$95 matched activity,$95 matched activity,EXPIRED,ALLOWED_CORE,2026-09-03T16:15:00+00:00,EXPIRED,2026-09-03T15:05:00.000Z,2026-09-03T16:12:00.000Z,2.5,0x24bddcc1233ea7411b7dd17eebcf2d16933064c801f1c41816930ee448648565,67040296507134020290753278024611802066304899189630554201513475608308274151683,2026-09-03T15:05:06.523358+00:00,LATEST_ENTRY_WINDOW_PASSED,night-plan:2026-09-03:1700-minsk,TIER2_SAFE_EXPAND_60_COV50
queue,contur3:night-plan:2026-09-03:1700-minsk:provider:polymarket:937551:2026-09-03:0x07ac25ded5faa0f64d3ddf78ec667a0b74696f823aa4e7c8385db5763a82ca67:46868356417854912314318156703382372948438519823968093343301763079929521519176,,rks rakow czestochowa vs. gornik zabrze - more ...,$100 matched activity,$100 matched activity,EXPIRED,ALLOWED_CORE,2026-09-03T16:00:00+00:00,EXPIRED,2026-09-03T14:50:00.000Z,2026-09-03T15:57:00.000Z,2.5,0x07ac25ded5faa0f64d3ddf78ec667a0b74696f823aa4e7c8385db5763a82ca67,46868356417854912314318156703382372948438519823968093343301763079929521519176,2026-09-03T14:50:03.185766+00:00,LATEST_ENTRY_WINDOW_PASSED,night-plan:2026-09-03:1700-minsk,TIER2_SAFE_EXPAND_60_COV50
queue,contur3:night-plan:2026-09-03:1700-minsk:provider:polymarket:882137:2026-09-03:0xef4494de18f838f23edb1dba96a133834100cc8c9f2454e08c3cfa669ced32b4:72435761410834098409753095054710564838389387389992542541788075803854753538600,,al kholood saudi club — match winner,$6K matched activity,$6K matched activity,EXPIRED,ALLOWED_FULLMATCH,2026-09-03T15:55:00+00:00,EXPIRED,2026-09-03T14:45:00.000Z,2026-09-03T15:52:00.000Z,2.5,0xef4494de18f838f23edb1dba96a133834100cc8c9f2454e08c3cfa669ced32b4,72435761410834098409753095054710564838389387389992542541788075803854753538600,2026-09-03T14:45:38.234604+00:00,LATEST_ENTRY_WINDOW_PASSED,night-plan:2026-09-03:1700-minsk,TIER1_CORE_STRICT_72_COV50
queue,contur3:night-plan:2026-09-03:1000-minsk:provider:polymarket:952057:2026-09-03:0x69bd07fec59ea58371c32e4e29bd765d80c75afca5076b2a078784d18eb9c0e9:64504547247503447664791965813709843485690633226559887205544146348638467213361,,will moik baku beat shahdag qusar fk?,Live market activity,Live market activity,EXPIRED,ALLOWED_CORE,2026-09-03T13:00:00+00:00,EXPIRED,2026-09-03T11:50:00.000Z,2026-09-03T12:57:00.000Z,2.5,0x69bd07fec59ea58371c32e4e29bd765d80c75afca5076b2a078784d18eb9c0e9,64504547247503447664791965813709843485690633226559887205544146348638467213361,2026-09-03T11:50:30.67098+00:00,LATEST_ENTRY_WINDOW_PASSED,night-plan:2026-09-03:1000-minsk,TIER3_MICRO_EXPAND_50_COV25
queue,contur3:night-plan:2026-09-03:1000-minsk:provider:polymarket:955899:2026-09-03:0x0dc75497bf86c5b4e368f2622b328563f104e615b1e5b714dfa5caf746c61718:84965558181473769144428615533864177586774847348374470711192530869906918019309,,"will w15 fiano romano, main draw: completed mat...",Live market activity,Live market activity,EXPIRED,ALLOWED_CORE,2026-09-03T09:00:00+00:00,EXPIRED,2026-09-03T07:50:00.000Z,2026-09-03T08:57:00.000Z,2.5,0x0dc75497bf86c5b4e368f2622b328563f104e615b1e5b714dfa5caf746c61718,84965558181473769144428615533864177586774847348374470711192530869906918019309,2026-09-03T07:50:17.32808+00:00,LATEST_ENTRY_WINDOW_PASSED,night-plan:2026-09-03:1000-minsk,TIER3_MICRO_EXPAND_50_COV25
queue,contur3:night-plan:2026-09-03:1000-minsk:provider:polymarket:955892:2026-09-03:0x55dc189f0558d39c26d1bdd4b95964ef90840ff5ada18569069bcfd1bcc3f972:92263421387836284522621133860747475811513649847809322319888626952943988632929,,"will w35 kursumlijska banja, main draw: complet...",Live market activity,Live market activity,CLAIMED,ALLOWED_CORE,2026-09-03T08:30:00+00:00,EXPIRED,2026-09-03T07:20:00.000Z,2026-09-03T08:27:00.000Z,2.5,0x55dc189f0558d39c26d1bdd4b95964ef90840ff5ada18569069bcfd1bcc3f972,92263421387836284522621133860747475811513649847809322319888626952943988632929,2026-09-03T07:20:14.06988+00:00,RESERVED_EVENT_MAX_SIGNAL_SCORE_V1,night-plan:2026-09-03:1000-minsk,TIER3_MICRO_EXPAND_50_COV25
queue,contur3:night-plan:2026-09-03:1000-minsk:provider:polymarket:955876:2026-09-03:0x67b8859d949636e00b7904dc9db3a0d78a9ab3f6702cbf156be84d5560ed9dca:112081923677779569719946842200428620229948932867308898633058311338947213045167,,"will w50 leiria, main draw: completed match: ma...",Live market activity,Live market activity,CLAIMED,ALLOWED_CORE,2026-09-03T08:00:00+00:00,EXPIRED,2026-09-03T06:50:00.000Z,2026-09-03T07:57:00.000Z,2.5,0x67b8859d949636e00b7904dc9db3a0d78a9ab3f6702cbf156be84d5560ed9dca,112081923677779569719946842200428620229948932867308898633058311338947213045167,2026-09-03T07:05:17.968434+00:00,RESERVED_EVENT_MAX_SIGNAL_SCORE_V1,night-plan:2026-09-03:1000-minsk,TIER3_MICRO_EXPAND_50_COV25
queue,contur3:night-plan:2026-09-03:1000-minsk:provider:polymarket:955868:2026-09-03:0x27ff3f6b8acbd3d4e29eabbcd726e44d28464a9912db4633a200f1dd77dda5e8:92339309702357193289852788421262613836968265310116309495702107456477633823451,,"will w15 hurghada, main draw: completed match: ...",Live market activity,Live market activity,CLAIMED,ALLOWED_CORE,2026-09-03T07:30:00+00:00,EXPIRED,2026-09-03T06:20:00.000Z,2026-09-03T07:27:00.000Z,2.5,0x27ff3f6b8acbd3d4e29eabbcd726e44d28464a9912db4633a200f1dd77dda5e8,92339309702357193289852788421262613836968265310116309495702107456477633823451,2026-09-03T07:05:17.176729+00:00,RESERVED_EVENT_MAX_SIGNAL_SCORE_V1,night-plan:2026-09-03:1000-minsk,TIER3_MICRO_EXPAND_50_COV25
queue,contur3:night-plan:2026-09-02:1700-minsk:provider:polymarket:879665:2026-09-02:0x2a3d697b9e881b9e222bca3a2a445be7f5793adfef3b908f6e6835fdbc380a9f:29455044404978958931440369539774846249155154600700883174331999004065513850655,,reading fc vs. mansfield town fc: o/u 0.5,$127 matched activity,$127 matched activity,CLAIMED,ALLOWED_CORE,2026-09-02T19:00:00+00:00,EXPIRED,2026-09-02T17:50:00.000Z,2026-09-02T18:57:00.000Z,2.5,0x2a3d697b9e881b9e222bca3a2a445be7f5793adfef3b908f6e6835fdbc380a9f,29455044404978958931440369539774846249155154600700883174331999004065513850655,2026-09-02T17:50:22.057872+00:00,RESERVED_EVENT_MAX_SIGNAL_SCORE_V1,night-plan:2026-09-02:1700-minsk,TIER2_SAFE_EXPAND_60_COV50
queue,contur3:night-plan:2026-09-02:1700-minsk:provider:polymarket:880193:2026-09-02:0x9996fabfaeaba4b5ede50e05e61290a151bc2ee31a705626c272bddf3c068568:16906760237507874354937054210016221115746506503100864611335559031293845979768,,burnley fc vs. middlesbrough fc - more markets,$5K matched activity,$5K matched activity,CLAIMED,ALLOWED_CORE,2026-09-02T19:00:00+00:00,EXPIRED,2026-09-02T17:50:00.000Z,2026-09-02T18:57:00.000Z,2.5,0x9996fabfaeaba4b5ede50e05e61290a151bc2ee31a705626c272bddf3c068568,16906760237507874354937054210016221115746506503100864611335559031293845979768,2026-09-02T17:50:21.665885+00:00,RESERVED_EVENT_MAX_SIGNAL_SCORE_V1,night-plan:2026-09-02:1700-minsk,TIER1_CORE_STRICT_72_COV50
queue,contur3:night-plan:2026-09-02:1700-minsk:provider:polymarket:878797:2026-09-02:0x2d58a6aac48803fd957e74968192ee4f63d052af65a1053f508e3828fac826be:36779598198302067380904327797593019173134403217759949479991620780037378018103,,middlesbrough fc — match winner,$17K matched activity,$17K matched activity,CLAIMED,ALLOWED_FULLMATCH,2026-09-02T19:00:00+00:00,EXPIRED,2026-09-02T17:50:00.000Z,2026-09-02T18:57:00.000Z,2.5,0x2d58a6aac48803fd957e74968192ee4f63d052af65a1053f508e3828fac826be,36779598198302067380904327797593019173134403217759949479991620780037378018103,2026-09-02T17:50:21.191886+00:00,RESERVED_EVENT_MAX_SIGNAL_SCORE_V1,night-plan:2026-09-02:1700-minsk,TIER1_CORE_STRICT_72_COV50
queue,contur3:night-plan:2026-09-02:1700-minsk:provider:polymarket:878794:2026-09-02:0xfbf7ac63b513f0f354f3e66a87e600c7a21cbc223a451e0b424289c0d01ec3df:62544221614780626896206863687978194255476495933133247942020090452561822553759,,millwall fc — match winner,$6K matched activity,$6K matched activity,CLAIMED,ALLOWED_FULLMATCH,2026-09-02T18:45:00+00:00,EXPIRED,2026-09-02T17:35:00.000Z,2026-09-02T18:42:00.000Z,2.5,0xfbf7ac63b513f0f354f3e66a87e600c7a21cbc223a451e0b424289c0d01ec3df,62544221614780626896206863687978194255476495933133247942020090452561822553759,2026-09-02T17:35:17.181353+00:00,RESERVED_EVENT_MAX_SIGNAL_SCORE_V1,night-plan:2026-09-02:1700-minsk,TIER2_SAFE_EXPAND_60_COV50
queue,contur3:night-plan:2026-09-02:1700-minsk:provider:polymarket:882977:2026-09-02:0x0599a0c1fbd39d455083f3bf2719333065580af090fe073ba2d144a64ac62051:58865971961137497772276384338622746551611307821172878859106172463829345217689,,kilmarnock fc vs. st mirren fc - more markets,$570 matched activity,$570 matched activity,CLAIMED,ALLOWED_CORE,2026-09-02T18:45:00+00:00,EXPIRED,2026-09-02T17:35:00.000Z,2026-09-02T18:42:00.000Z,2.5,0x0599a0c1fbd39d455083f3bf2719333065580af090fe073ba2d144a64ac62051,58865971961137497772276384338622746551611307821172878859106172463829345217689,2026-09-02T17:35:16.800231+00:00,RESERVED_EVENT_MAX_SIGNAL_SCORE_V1,night-plan:2026-09-02:1700-minsk,TIER2_SAFE_EXPAND_60_COV50
queue,contur3:night-plan:2026-09-02:1700-minsk:provider:polymarket:880195:2026-09-02:0x557078adfff9231d0ee71d57724472b985b9bc4013d7b9ac314b39ed532a2f66:31561243689013118066150620102741373970596093401468507249297373050749824474528,,spread: charlton athletic fc (-2.5),$3K matched activity,$3K matched activity,CLAIMED,ALLOWED_FULLMATCH,2026-09-02T18:45:00+00:00,EXPIRED,2026-09-02T17:35:00.000Z,2026-09-02T18:42:00.000Z,2.5,0x557078adfff9231d0ee71d57724472b985b9bc4013d7b9ac314b39ed532a2f66,31561243689013118066150620102741373970596093401468507249297373050749824474528,2026-09-02T17:35:16.41424+00:00,RESERVED_EVENT_MAX_SIGNAL_SCORE_V1,night-plan:2026-09-02:1700-minsk,TIER2_SAFE_EXPAND_60_COV50
queue,contur3:night-plan:2026-09-02:1700-minsk:provider:polymarket:880196:2026-09-02:0xb7e5ecc807f2e682c9b12b9827af59d6dd80c03f52ede3e31ffd435dd9f37b69:44131712767884893620574470743016596432829714892243232877235938988853273021040,,spread: cardiff city fc (-2.5),$6K matched activity,$6K matched activity,CLAIMED,ALLOWED_FULLMATCH,2026-09-02T18:45:00+00:00,EXPIRED,2026-09-02T17:35:00.000Z,2026-09-02T18:42:00.000Z,2.5,0xb7e5ecc807f2e682c9b12b9827af59d6dd80c03f52ede3e31ffd435dd9f37b69,44131712767884893620574470743016596432829714892243232877235938988853273021040,2026-09-02T17:35:16.02884+00:00,RESERVED_EVENT_MAX_SIGNAL_SCORE_V1,night-plan:2026-09-02:1700-minsk,TIER2_SAFE_EXPAND_60_COV50
queue,contur3:night-plan:2026-09-02:1700-minsk:provider:polymarket:879666:2026-09-02:0x2b884c9cf9da5092209def8c4e4f3b5fd977b3389437a9f8ea3108fb974da8d1:66351963293779642205186228007335130661517407126533299892807992507508360340043,,spread: burton albion fc (-2.5),$13 matched activity,$13 matched activity,CLAIMED,ALLOWED_FULLMATCH,2026-09-02T18:45:00+00:00,EXPIRED,2026-09-02T17:35:00.000Z,2026-09-02T18:42:00.000Z,2.5,0x2b884c9cf9da5092209def8c4e4f3b5fd977b3389437a9f8ea3108fb974da8d1,66351963293779642205186228007335130661517407126533299892807992507508360340043,2026-09-02T17:35:15.230952+00:00,RESERVED_EVENT_MAX_SIGNAL_SCORE_V1,night-plan:2026-09-02:1700-minsk,TIER2_SAFE_EXPAND_60_COV50
queue,contur3:night-plan:2026-09-02:1700-minsk:provider:polymarket:937224:2026-09-02:0xd9431203e25ef883187005117f527cf79c4e325ae8d07a30bac5c444123d1f1c:82132492677061155538830675094453654874118476529028155416270891445352909924222,,spread: grasshopper club zurich (-1.5),$13 matched activity,$13 matched activity,CLAIMED,ALLOWED_FULLMATCH,2026-09-02T18:30:00+00:00,EXPIRED,2026-09-02T17:20:00.000Z,2026-09-02T18:27:00.000Z,2.5,0xd9431203e25ef883187005117f527cf79c4e325ae8d07a30bac5c444123d1f1c,82132492677061155538830675094453654874118476529028155416270891445352909924222,2026-09-02T17:20:43.900337+00:00,RESERVED_EVENT_MAX_SIGNAL_SCORE_V1,night-plan:2026-09-02:1700-minsk,TIER2_SAFE_EXPAND_60_COV50
queue,contur3:night-plan:2026-09-02:1700-minsk:provider:polymarket:938051:2026-09-02:0x9e2d3685ce1ef27d86a85f7fdcd4868c790b93edecba35c2eae6efc165e34075:108666201506863566740201553311981135870282378969562023501830485154299671447315,,spread: st. truidense vv (-2.5),$1K matched activity,$1K matched activity,CLAIMED,ALLOWED_FULLMATCH,2026-09-02T18:30:00+00:00,EXPIRED,2026-09-02T17:20:00.000Z,2026-09-02T18:27:00.000Z,2.5,0x9e2d3685ce1ef27d86a85f7fdcd4868c790b93edecba35c2eae6efc165e34075,108666201506863566740201553311981135870282378969562023501830485154299671447315,2026-09-02T17:20:43.174171+00:00,RESERVED_EVENT_MAX_SIGNAL_SCORE_V1,night-plan:2026-09-02:1700-minsk,TIER1_CORE_STRICT_72_COV50
queue,contur3:night-plan:2026-09-02:1700-minsk:provider:polymarket:941840:2026-09-02:0x6fb488433140ce00e8103ff27a08e34c0b5671c8a3ff87aaf56b4446d039d4bf:16468037711526009515484808017875030650612694973331800230914331036347385538905,,fc luzern vs. fc vaduz: o/u 3.5,$26K matched activity,$26K matched activity,CLAIMED,ALLOWED_CORE,2026-09-02T18:30:00+00:00,EXPIRED,2026-09-02T17:20:00.000Z,2026-09-02T18:27:00.000Z,2.5,0x6fb488433140ce00e8103ff27a08e34c0b5671c8a3ff87aaf56b4446d039d4bf,16468037711526009515484808017875030650612694973331800230914331036347385538905,2026-09-02T17:20:42.710644+00:00,RESERVED_EVENT_MAX_SIGNAL_SCORE_V1,night-plan:2026-09-02:1700-minsk,TIER1_CORE_STRICT_72_COV50
queue,contur3:night-plan:2026-09-02:1700-minsk:provider:polymarket:920957:2026-09-02:0xf8955bedd7b71789095a7816404de46ffcf0313e2285be1864d9bdd51e98c63c:46584313717276392289352910236833809558570981785887473135901869832739073369040,,atlanta braves vs. washington nationals,$110K matched activity,$110K matched activity,CLAIMED,ALLOWED_CORE,2026-09-02T17:05:00+00:00,EXPIRED,2026-09-02T15:55:00.000Z,2026-09-02T17:02:00.000Z,2.5,0xf8955bedd7b71789095a7816404de46ffcf0313e2285be1864d9bdd51e98c63c,46584313717276392289352910236833809558570981785887473135901869832739073369040,2026-09-02T15:55:29.303151+00:00,RESERVED_EVENT_MAX_SIGNAL_SCORE_V1,night-plan:2026-09-02:1700-minsk,TIER1_CORE_STRICT_72_COV50
queue,contur3:night-plan:2026-09-02:1700-minsk:provider:polymarket:929437:2026-09-02:0x3e66230285b9b11ced3b6dbb80771ac0e3b6a26dbad2bdf7e6577d1a7d405139:75586148492843811271320593074465556122278902930401584774153462112474882604451,,spread: aps atrómitos athinón (-2.5),$4 matched activity,$4 matched activity,CLAIMED,ALLOWED_FULLMATCH,2026-09-02T17:00:00+00:00,EXPIRED,2026-09-02T15:50:00.000Z,2026-09-02T16:57:00.000Z,2.5,0x3e66230285b9b11ced3b6dbb80771ac0e3b6a26dbad2bdf7e6577d1a7d405139,75586148492843811271320593074465556122278902930401584774153462112474882604451,2026-09-02T15:50:30.252364+00:00,RESERVED_EVENT_MAX_SIGNAL_SCORE_V1,night-plan:2026-09-02:1700-minsk,TIER1_CORE_STRICT_72_COV50
queue,contur3:night-plan:2026-09-02:1700-minsk:provider:polymarket:879180:2026-09-02:0x302feafac7604f0259a0b4afdb776f15bea867fbf5cf82eb19f2b86bb2b79b1e:77983018310987072695759648882077264012988537454342155564944904458422501998533,,spread: eintracht frankfurt (-2.5),$162 matched activity,$162 matched activity,CLAIMED,ALLOWED_FULLMATCH,2026-09-02T16:30:00+00:00,EXPIRED,2026-09-02T15:20:00.000Z,2026-09-02T16:27:00.000Z,2.5,0x302feafac7604f0259a0b4afdb776f15bea867fbf5cf82eb19f2b86bb2b79b1e,77983018310987072695759648882077264012988537454342155564944904458422501998533,2026-09-02T15:24:20.17885+00:00,RESERVED_EVENT_MAX_SIGNAL_SCORE_V1,night-plan:2026-09-02:1700-minsk,TIER2_SAFE_EXPAND_60_COV50
queue,contur3:night-plan:2026-09-02:1700-minsk:provider:polymarket:881138:2026-09-02:0x37ab8d16e0efbcdc8ba735d26e74f8a30c439eb0fc2628cc7bcf14fe44ba0cd0:46431215561930691347476812930548021936526731229910830289854576583749333177293,,spread: venezia fc (-1.5),$3K matched activity,$3K matched activity,CLAIMED,ALLOWED_FULLMATCH,2026-09-02T16:00:00+00:00,EXPIRED,2026-09-02T14:50:00.000Z,2026-09-02T15:57:00.000Z,2.5,0x37ab8d16e0efbcdc8ba735d26e74f8a30c439eb0fc2628cc7bcf14fe44ba0cd0,46431215561930691347476812930548021936526731229910830289854576583749333177293,2026-09-02T14:52:01.139999+00:00,RESERVED_EVENT_MAX_SIGNAL_SCORE_V1,night-plan:2026-09-02:1700-minsk,TIER2_SAFE_EXPAND_60_COV50
queue,contur3:night-plan:2026-09-01:1700-minsk:provider:polymarket:915659:2026-09-01:0x9e8345ef61995457041dded86ec4b24ead5ddd1b6563f543efe30cf373b1866a:114255470365874246962547608298701897700582241689906010275469345628218676018497,,seattle mariners vs. boston red sox: o/u 7.5,$51K matched activity,$51K matched activity,CLAIMED,ALLOWED_CORE,2026-09-01T22:45:00+00:00,EXPIRED,2026-09-01T21:35:00.000Z,2026-09-01T22:42:00.000Z,2.5,0x9e8345ef61995457041dded86ec4b24ead5ddd1b6563f543efe30cf373b1866a,114255470365874246962547608298701897700582241689906010275469345628218676018497,2026-09-01T21:35:14.786224+00:00,RESERVED_EVENT_MAX_SIGNAL_SCORE_V1,night-plan:2026-09-01:1700-minsk,TIER1_CORE_STRICT_72_COV50
queue,contur3:night-plan:2026-09-01:1700-minsk:provider:polymarket:876763:2026-09-01:0xeeb1591da6b769a57c8c97faab5c6802637524ef06c0ed925746600b30ed8995:57455571143673014400075179213842470429917463348509450546152633383738123789404,,ec juventude — match winner,$3K matched activity,$3K matched activity,CLAIMED,ALLOWED_FULLMATCH,2026-09-01T22:30:00+00:00,EXPIRED,2026-09-01T21:20:00.000Z,2026-09-01T22:27:00.000Z,2.5,0xeeb1591da6b769a57c8c97faab5c6802637524ef06c0ed925746600b30ed8995,57455571143673014400075179213842470429917463348509450546152633383738123789404,2026-09-01T21:20:08.518847+00:00,RESERVED_EVENT_MAX_SIGNAL_SCORE_V1,night-plan:2026-09-01:1700-minsk,TIER2_SAFE_EXPAND_60_COV50
queue,contur3:night-plan:2026-09-01:1700-minsk:provider:polymarket:874937:2026-09-01:0xebf7b515b3970ca93f03c3fd1d514c87f28be5f2505d3c3d1ecb3de3151e7727:59929268991782479267497335461709589522509679255934709582142149535203493113751,,exeter city fc vs. barnet fc - more markets,$60 matched activity,$60 matched activity,CLAIMED,ALLOWED_CORE,2026-09-01T18:45:00+00:00,EXPIRED,2026-09-01T17:35:00.000Z,2026-09-01T18:42:00.000Z,2.5,0xebf7b515b3970ca93f03c3fd1d514c87f28be5f2505d3c3d1ecb3de3151e7727,59929268991782479267497335461709589522509679255934709582142149535203493113751,2026-09-01T17:35:21.306493+00:00,RESERVED_EVENT_MAX_SIGNAL_SCORE_V1,night-plan:2026-09-01:1700-minsk,TIER2_SAFE_EXPAND_60_COV50
queue,contur3:night-plan:2026-09-01:1700-minsk:provider:polymarket:874797:2026-09-01:0x7582d38d55528409de77d2b4eded0b8fa0e39016359c564d398b73f799d00713:51056721380696760786438739951668163070398494592954293011057713160565336936130,,rochdale afc — match winner,$2 matched activity,$2 matched activity,CLAIMED,ALLOWED_FULLMATCH,2026-09-01T18:45:00+00:00,EXPIRED,2026-09-01T17:35:00.000Z,2026-09-01T18:42:00.000Z,2.5,0x7582d38d55528409de77d2b4eded0b8fa0e39016359c564d398b73f799d00713,51056721380696760786438739951668163070398494592954293011057713160565336936130,2026-09-01T17:35:20.914127+00:00,RESERVED_EVENT_MAX_SIGNAL_SCORE_V1,night-plan:2026-09-01:1700-minsk,TIER2_SAFE_EXPAND_60_COV50
queue,contur3:night-plan:2026-09-01:1700-minsk:provider:polymarket:874720:2026-09-01:0xa52ef2a052370fe078127dd36bad109dc90ca77317a5ab0e4437d58f3ed35f06:6032949337083458327463862672045209572349985727135442776302093003332304591434,,leicester city fc vs. plymouth argyle fc - more...,$10 matched activity,$10 matched activity,CLAIMED,ALLOWED_CORE,2026-09-01T18:45:00+00:00,EXPIRED,2026-09-01T17:35:00.000Z,2026-09-01T18:42:00.000Z,2.5,0xa52ef2a052370fe078127dd36bad109dc90ca77317a5ab0e4437d58f3ed35f06,6032949337083458327463862672045209572349985727135442776302093003332304591434,2026-09-01T17:35:20.54333+00:00,RESERVED_EVENT_MAX_SIGNAL_SCORE_V1,night-plan:2026-09-01:1700-minsk,TIER2_SAFE_EXPAND_60_COV50
queue,contur3:night-plan:2026-09-01:1700-minsk:provider:polymarket:873859:2026-09-01:0xfbf0fc4c684ec237e5b172e2d3da85197eb77c977633e08cfeee284e420eeec5:93127514407443594016309084464214059580527253668238033722120826703684412556302,,lincoln city fc — match winner,$96 matched activity,$96 matched activity,CLAIMED,ALLOWED_FULLMATCH,2026-09-01T18:45:00+00:00,EXPIRED,2026-09-01T17:35:00.000Z,2026-09-01T18:42:00.000Z,2.5,0xfbf0fc4c684ec237e5b172e2d3da85197eb77c977633e08cfeee284e420eeec5,93127514407443594016309084464214059580527253668238033722120826703684412556302,2026-09-01T17:35:20.175274+00:00,RESERVED_EVENT_MAX_SIGNAL_SCORE_V1,night-plan:2026-09-01:1700-minsk,TIER2_SAFE_EXPAND_60_COV50
queue,contur3:night-plan:2026-09-01:1700-minsk:provider:polymarket:874946:2026-09-01:0xbb1e2a241a99040390dd2b8bf64d7695a15af8e32f43f2f1fe0909f79c2ad515:95673651574931536453833400474717058514842314641100946163672806985432839873556,,crewe alexandra fc vs. walsall fc: o/u 4.5,$62 matched activity,$62 matched activity,CLAIMED,ALLOWED_CORE,2026-09-01T18:45:00+00:00,EXPIRED,2026-09-01T17:35:00.000Z,2026-09-01T18:42:00.000Z,2.5,0xbb1e2a241a99040390dd2b8bf64d7695a15af8e32f43f2f1fe0909f79c2ad515,95673651574931536453833400474717058514842314641100946163672806985432839873556,2026-09-01T17:35:19.802477+00:00,RESERVED_EVENT_MAX_SIGNAL_SCORE_V1,night-plan:2026-09-01:1700-minsk,TIER2_SAFE_EXPAND_60_COV50
queue,contur3:night-plan:2026-09-01:1700-minsk:provider:polymarket:875148:2026-09-01:0x0ec5979a77b64af003f6548c41fff297f01e5650a0f3ce67d398d645c5a211d4:52936989079189978707878685871055070369726140835911996601066054520310220160791,,spread: derby county fc (-2.5),$1K matched activity,$1K matched activity,CLAIMED,ALLOWED_FULLMATCH,2026-09-01T18:45:00+00:00,EXPIRED,2026-09-01T17:35:00.000Z,2026-09-01T18:42:00.000Z,2.5,0x0ec5979a77b64af003f6548c41fff297f01e5650a0f3ce67d398d645c5a211d4,52936989079189978707878685871055070369726140835911996601066054520310220160791,2026-09-01T17:35:19.388772+00:00,RESERVED_EVENT_MAX_SIGNAL_SCORE_V1,night-plan:2026-09-01:1700-minsk,TIER2_SAFE_EXPAND_60_COV50
queue,contur3:night-plan:2026-09-01:1700-minsk:provider:polymarket:874718:2026-09-01:0x1db7b9405f9aacd29aee88633bcdbd116ab92ff7837fde5c6f9c2f86fcb07677:102199647546872227998708948513949155230649750773837092095802399167526981943621,,spread: oxford united fc (-2.5),$1 matched activity,$1 matched activity,CLAIMED,ALLOWED_FULLMATCH,2026-09-01T18:45:00+00:00,EXPIRED,2026-09-01T17:35:00.000Z,2026-09-01T18:42:00.000Z,2.5,0x1db7b9405f9aacd29aee88633bcdbd116ab92ff7837fde5c6f9c2f86fcb07677,102199647546872227998708948513949155230649750773837092095802399167526981943621,2026-09-01T17:35:18.997575+00:00,RESERVED_EVENT_MAX_SIGNAL_SCORE_V1,night-plan:2026-09-01:1700-minsk,TIER2_SAFE_EXPAND_60_COV50
queue,contur3:night-plan:2026-09-01:1700-minsk:provider:polymarket:875144:2026-09-01:0x7caa00bbaf9b92f728ed0ca0ab15d1ec7a890cc816ecfe8d6f92bcf9d0a4ff03:9346597671474698982418342183296625021193526320967326260630084683240146994671,,spread: wolverhampton wanderers fc (-2.5),$19K matched activity,$19K matched activity,CLAIMED,ALLOWED_FULLMATCH,2026-09-01T18:45:00+00:00,EXPIRED,2026-09-01T17:35:00.000Z,2026-09-01T18:42:00.000Z,2.5,0x7caa00bbaf9b92f728ed0ca0ab15d1ec7a890cc816ecfe8d6f92bcf9d0a4ff03,9346597671474698982418342183296625021193526320967326260630084683240146994671,2026-09-01T17:35:18.315261+00:00,RESERVED_EVENT_MAX_SIGNAL_SCORE_V1,night-plan:2026-09-01:1700-minsk,TIER1_CORE_STRICT_72_COV50
queue,contur3:night-plan:2026-09-01:1700-minsk:provider:polymarket:873855:2026-09-01:0x4afe69cf470775f8d8c13789d063bf7fd9b27d6d2a5fdbae5f724a7b8131ba07:30667397366831271006576221088542263121348432743965229139732752315425905031433,,portsmouth fc — match winner,$17K matched activity,$17K matched activity,CLAIMED,ALLOWED_FULLMATCH,2026-09-01T18:45:00+00:00,EXPIRED,2026-09-01T17:35:00.000Z,2026-09-01T18:42:00.000Z,2.5,0x4afe69cf470775f8d8c13789d063bf7fd9b27d6d2a5fdbae5f724a7b8131ba07,30667397366831271006576221088542263121348432743965229139732752315425905031433,2026-09-01T17:35:17.866137+00:00,RESERVED_EVENT_MAX_SIGNAL_SCORE_V1,night-plan:2026-09-01:1700-minsk,TIER1_CORE_STRICT_72_COV50
queue,contur3:night-plan:2026-09-01:1700-minsk:provider:polymarket:872982:2026-09-01:0x3d5e324e3b84172ef733ffe7dc63a45beb83d695fc5c2ad259fefb4d02e5853b:64809914228264065672019379987580225885536015959792948647180065091522781865837,,spread: al hilal saudi club (-1.5),$5K matched activity,$5K matched activity,CLAIMED,ALLOWED_FULLMATCH,2026-09-01T18:00:00+00:00,EXPIRED,2026-09-01T16:50:00.000Z,2026-09-01T17:57:00.000Z,2.5,0x3d5e324e3b84172ef733ffe7dc63a45beb83d695fc5c2ad259fefb4d02e5853b,64809914228264065672019379987580225885536015959792948647180065091522781865837,2026-09-01T16:50:22.237881+00:00,RESERVED_EVENT_MAX_SIGNAL_SCORE_V1,night-plan:2026-09-01:1700-minsk,TIER1_CORE_STRICT_72_COV50
queue,contur3:night-plan:2026-09-01:1700-minsk:provider:polymarket:917427:2026-09-01:0x82649f453431d342c86250aa7f8f5f65f45251b42fbe6c15dafd33648e223713:48046083306987845433570739912480195507270904564188393980211258622666396125263,,wolfsberger ac vs. lask linz - more markets,$18 matched activity,$18 matched activity,CLAIMED,ALLOWED_CORE,2026-09-01T17:30:00+00:00,EXPIRED,2026-09-01T16:20:00.000Z,2026-09-01T17:27:00.000Z,2.5,0x82649f453431d342c86250aa7f8f5f65f45251b42fbe6c15dafd33648e223713,48046083306987845433570739912480195507270904564188393980211258622666396125263,2026-09-01T16:20:29.273571+00:00,RESERVED_EVENT_MAX_SIGNAL_SCORE_V1,night-plan:2026-09-01:1700-minsk,TIER2_SAFE_EXPAND_60_COV50
queue,contur3:night-plan:2026-09-01:1700-minsk:provider:polymarket:932440:2026-09-01:0x3c8a9c6d22fb977885bd07e5dff5c7d0e7430ba2f46041929e98f0bb97092fbe:1268869115085815849922228275062229202176748819444060308558731737587553894301,,sariyer sk vs. pendikspor - more markets,$3 matched activity,$3 matched activity,CLAIMED,ALLOWED_CORE,2026-09-01T17:00:00+00:00,EXPIRED,2026-09-01T15:50:00.000Z,2026-09-01T16:57:00.000Z,2.5,0x3c8a9c6d22fb977885bd07e5dff5c7d0e7430ba2f46041929e98f0bb97092fbe,1268869115085815849922228275062229202176748819444060308558731737587553894301,2026-09-01T15:50:37.887967+00:00,RESERVED_EVENT_MAX_SIGNAL_SCORE_V1,night-plan:2026-09-01:1700-minsk,TIER2_SAFE_EXPAND_60_COV50
queue,contur3:night-plan:2026-09-01:1700-minsk:provider:polymarket:913393:2026-09-01:0x132aabf29d85f6ce0147cfdc19f8b6cbf6fa081638636c46a995365c26d194bb:18864973240783476013629448271119465073755557804060716117452354179857230274899,,helsingborgs if vs. orebro sk: o/u 0.5,$79 matched activity,$79 matched activity,CLAIMED,ALLOWED_CORE,2026-09-01T17:00:00+00:00,EXPIRED,2026-09-01T15:50:00.000Z,2026-09-01T16:57:00.000Z,2.5,0x132aabf29d85f6ce0147cfdc19f8b6cbf6fa081638636c46a995365c26d194bb,18864973240783476013629448271119465073755557804060716117452354179857230274899,2026-09-01T15:50:37.112295+00:00,RESERVED_EVENT_MAX_SIGNAL_SCORE_V1,night-plan:2026-09-01:1700-minsk,TIER2_SAFE_EXPAND_60_COV50
queue,contur3:night-plan:2026-08-31:1700-minsk:provider:polymarket:875336:2026-08-31:0xdb2476441a518d990750b0aa175d448c7b7e1fab9c217fd3ee55c25b9f91307c:45294839601962800204129663487781581253791035680356511943303160127860360936789,,spread: coritiba fbc (-2.5),$623 matched activity,$623 matched activity,EXPIRED,ALLOWED_FULLMATCH,2026-08-31T23:00:00+00:00,EXPIRED,2026-08-31T21:50:00.000Z,2026-08-31T22:57:00.000Z,2.5,0xdb2476441a518d990750b0aa175d448c7b7e1fab9c217fd3ee55c25b9f91307c,45294839601962800204129663487781581253791035680356511943303160127860360936789,2026-08-31T21:50:36.153347+00:00,LATEST_ENTRY_WINDOW_PASSED,night-plan:2026-08-31:1700-minsk,TIER2_SAFE_EXPAND_60_COV50
queue,contur3:night-plan:2026-08-31:1700-minsk:provider:polymarket:587239:2026-08-31:0x2308d78dccdf19bf2a66acc8af60dfc3a435e7f55482a651e602658e354aac6f:8036389606917399804182087156306212775662000928383647579869862442923474055463,,san francisco giants vs. atlanta braves,$20K matched activity,$20K matched activity,EXPIRED,ALLOWED_CORE,2026-08-31T22:05:00+00:00,EXPIRED,2026-08-31T20:55:00.000Z,2026-08-31T22:02:00.000Z,2.5,0x2308d78dccdf19bf2a66acc8af60dfc3a435e7f55482a651e602658e354aac6f,8036389606917399804182087156306212775662000928383647579869862442923474055463,2026-08-31T20:55:06.454046+00:00,LATEST_ENTRY_WINDOW_PASSED,night-plan:2026-08-31:1700-minsk,TIER1_CORE_STRICT_72_COV50
queue,contur3:night-plan:2026-08-31:1700-minsk:provider:polymarket:872145:2026-08-31:0x37e0d73a156cc86e000349a93c488ebbe7c32ab2aa4b3c07aab77ecacba1c3cb:45331227525386051815478057617986210580471143498056525609125079736171543306787,,spread: celta fortuna (-1.5),$2K matched activity,$2K matched activity,EXPIRED,ALLOWED_FULLMATCH,2026-08-31T19:30:00+00:00,EXPIRED,2026-08-31T18:20:00.000Z,2026-08-31T19:27:00.000Z,2.5,0x37e0d73a156cc86e000349a93c488ebbe7c32ab2aa4b3c07aab77ecacba1c3cb,45331227525386051815478057617986210580471143498056525609125079736171543306787,2026-08-31T18:20:07.696173+00:00,LATEST_ENTRY_WINDOW_PASSED,night-plan:2026-08-31:1700-minsk,TIER2_SAFE_EXPAND_60_COV50
queue,contur3:night-plan:2026-08-31:1700-minsk:provider:polymarket:869497:2026-08-31:0xb9943003838dfeb38dd4fc40107b2976b44eb1b10f7144d036cae9f515dae01f:105956978534846190164726281093987602344561100767791546142881007982754471714772,,spread: fc barcelona (-2.5),$21K matched activity,$21K matched activity,EXPIRED,ALLOWED_FULLMATCH,2026-08-31T19:30:00+00:00,EXPIRED,2026-08-31T18:20:00.000Z,2026-08-31T19:27:00.000Z,2.5,0xb9943003838dfeb38dd4fc40107b2976b44eb1b10f7144d036cae9f515dae01f,105956978534846190164726281093987602344561100767791546142881007982754471714772,2026-08-31T18:20:07.233449+00:00,LATEST_ENTRY_WINDOW_PASSED,night-plan:2026-08-31:1700-minsk,TIER1_CORE_STRICT_72_COV50
queue,contur3:night-plan:2026-08-31:1700-minsk:provider:polymarket:908896:2026-08-31:0x58c4d2b0becc65660962b8bde3804f74dbe661ced12e8004f900e0ea6d124ddb:38863196208483214249253758741324822439357608634567482423722227556324906382386,,sc braga vs. vitória sc: o/u 5.5,$666 matched activity,$666 matched activity,EXPIRED,ALLOWED_CORE,2026-08-31T19:15:00+00:00,EXPIRED,2026-08-31T18:05:00.000Z,2026-08-31T19:12:00.000Z,2.5,0x58c4d2b0becc65660962b8bde3804f74dbe661ced12e8004f900e0ea6d124ddb,38863196208483214249253758741324822439357608634567482423722227556324906382386,2026-08-31T18:05:18.76898+00:00,LATEST_ENTRY_WINDOW_PASSED,night-plan:2026-08-31:1700-minsk,TIER2_SAFE_EXPAND_60_COV50
queue,contur3:night-plan:2026-08-31:1700-minsk:provider:polymarket:869120:2026-08-31:0xf9e1bb1760fdc432e986c4cdae55119c2febcc560de5fe7834567f89feeea028:76204662092737676576600762117235346510770547673209784956635656345508739811649,,aston villa fc vs. arsenal fc: o/u 2.5,$42K matched activity,$42K matched activity,EXPIRED,ALLOWED_CORE,2026-08-31T19:00:00+00:00,EXPIRED,2026-08-31T17:50:00.000Z,2026-08-31T18:57:00.000Z,2.5,0xf9e1bb1760fdc432e986c4cdae55119c2febcc560de5fe7834567f89feeea028,76204662092737676576600762117235346510770547673209784956635656345508739811649,2026-08-31T17:50:24.469208+00:00,LATEST_ENTRY_WINDOW_PASSED,night-plan:2026-08-31:1700-minsk,TIER1_CORE_STRICT_72_COV50
queue,contur3:night-plan:2026-08-31:1700-minsk:provider:polymarket:872473:2026-08-31:0x7ca67284fea390221bea3b80401697126c2cf4480e901e9cb9aa4d0d4d0c5c88:2031760286589893993004041754482503349697255740498887467871865885114047749608,,spread: dijon football côte d'or (-2.5),$1 matched activity,$1 matched activity,EXPIRED,ALLOWED_FULLMATCH,2026-08-31T18:45:00+00:00,EXPIRED,2026-08-31T17:35:00.000Z,2026-08-31T18:42:00.000Z,2.5,0x7ca67284fea390221bea3b80401697126c2cf4480e901e9cb9aa4d0d4d0c5c88,2031760286589893993004041754482503349697255740498887467871865885114047749608,2026-08-31T17:35:23.37459+00:00,LATEST_ENTRY_WINDOW_PASSED,night-plan:2026-08-31:1700-minsk,TIER2_SAFE_EXPAND_60_COV50
queue,contur3:night-plan:2026-08-31:1700-minsk:provider:polymarket:867979:2026-08-31:0x38e1c12c7962190e0f917f61c9c043987b88e8fa99a41870abc74d6cb472de00:16766279913579045976216901650255657649388846693068217763234077931952750116905,,atalanta bc — match winner,$12K matched activity,$12K matched activity,EXPIRED,ALLOWED_FULLMATCH,2026-08-31T18:45:00+00:00,EXPIRED,2026-08-31T17:35:00.000Z,2026-08-31T18:42:00.000Z,2.5,0x38e1c12c7962190e0f917f61c9c043987b88e8fa99a41870abc74d6cb472de00,16766279913579045976216901650255657649388846693068217763234077931952750116905,2026-08-31T17:35:22.949618+00:00,LATEST_ENTRY_WINDOW_PASSED,night-plan:2026-08-31:1700-minsk,TIER1_CORE_STRICT_72_COV50
queue,contur3:night-plan:2026-08-31:1700-minsk:provider:polymarket:875812:2026-08-31:0x17c375aff726bb701a4368ec08869f1769b5e73d216fb0b2c521a53e9a8efb5d:26465591540826034324085782591647971422655238301973691509408478781874673339946,,spread: amed sportif (-2.5),$2K matched activity,$2K matched activity,EXPIRED,ALLOWED_FULLMATCH,2026-08-31T18:30:00+00:00,EXPIRED,2026-08-31T17:20:00.000Z,2026-08-31T18:27:00.000Z,2.5,0x17c375aff726bb701a4368ec08869f1769b5e73d216fb0b2c521a53e9a8efb5d,26465591540826034324085782591647971422655238301973691509408478781874673339946,2026-08-31T17:20:14.754399+00:00,LATEST_ENTRY_WINDOW_PASSED,night-plan:2026-08-31:1700-minsk,TIER2_SAFE_EXPAND_60_COV50
queue,contur3:night-plan:2026-08-31:1700-minsk:provider:polymarket:869318:2026-08-31:0x4bff0435333433a22c26cbb85b0afda85e9eeb99b437d5ad82eb06258c970386:91342795726759782067597621879285236084189581038076196260259261957465814665123,,ca osasuna — match winner,$8K matched activity,$8K matched activity,EXPIRED,ALLOWED_FULLMATCH,2026-08-31T17:30:00+00:00,EXPIRED,2026-08-31T16:20:00.000Z,2026-08-31T17:27:00.000Z,2.5,0x4bff0435333433a22c26cbb85b0afda85e9eeb99b437d5ad82eb06258c970386,91342795726759782067597621879285236084189581038076196260259261957465814665123,2026-08-31T16:20:36.883211+00:00,LATEST_ENTRY_WINDOW_PASSED,night-plan:2026-08-31:1700-minsk,TIER2_SAFE_EXPAND_60_COV50
queue,contur3:night-plan:2026-08-31:1700-minsk:provider:polymarket:917783:2026-08-31:0xc9f1a6b7735af972858ce6f58026c66bf508855f63a8205761371d2e7b243508:53130625191578972909829311233470433847870652145501486649944042995268276969954,,spread: maccabi haifa fc (-2.5),$6 matched activity,$6 matched activity,EXPIRED,ALLOWED_FULLMATCH,2026-08-31T17:30:00+00:00,EXPIRED,2026-08-31T16:20:00.000Z,2026-08-31T17:27:00.000Z,2.5,0xc9f1a6b7735af972858ce6f58026c66bf508855f63a8205761371d2e7b243508,53130625191578972909829311233470433847870652145501486649944042995268276969954,2026-08-31T16:20:36.120506+00:00,LATEST_ENTRY_WINDOW_PASSED,night-plan:2026-08-31:1700-minsk,TIER2_SAFE_EXPAND_60_COV50
queue,contur3:night-plan:2026-08-31:1700-minsk:provider:polymarket:871320:2026-08-31:0x360dccdd9c8dfe1bd1cf32a016b5a99f3e1b38ae4029873074fbb3e422e542e6:70981390347565685523604088635507359128483596226071432466015967384840242565690,,fc københavn vs. sønderjyske fodbold - more mar...,$108 matched activity,$108 matched activity,EXPIRED,ALLOWED_CORE,2026-08-31T17:00:00+00:00,EXPIRED,2026-08-31T15:50:00.000Z,2026-08-31T16:57:00.000Z,2.5,0x360dccdd9c8dfe1bd1cf32a016b5a99f3e1b38ae4029873074fbb3e422e542e6,70981390347565685523604088635507359128483596226071432466015967384840242565690,2026-08-31T15:50:11.157013+00:00,LATEST_ENTRY_WINDOW_PASSED,night-plan:2026-08-31:1700-minsk,TIER2_SAFE_EXPAND_60_COV50
queue,contur3:night-plan:2026-08-31:1700-minsk:provider:polymarket:872165:2026-08-31:0x819c7636208f9114343806594663c920471fbe55c8b1389b82ba1b010e1a4e84:108814366956458940424399030670665600922975166387308114428610612325701789002821,,spread: real sociedad de fútbol b (-1.5),$29 matched activity,$29 matched activity,EXPIRED,ALLOWED_FULLMATCH,2026-08-31T17:00:00+00:00,EXPIRED,2026-08-31T15:50:00.000Z,2026-08-31T16:57:00.000Z,2.5,0x819c7636208f9114343806594663c920471fbe55c8b1389b82ba1b010e1a4e84,108814366956458940424399030670665600922975166387308114428610612325701789002821,2026-08-31T15:50:10.740896+00:00,LATEST_ENTRY_WINDOW_PASSED,night-plan:2026-08-31:1700-minsk,TIER2_SAFE_EXPAND_60_COV50
queue,contur3:night-plan:2026-08-31:1700-minsk:provider:polymarket:908324:2026-08-31:0x19d6949b5f022031f65d9c041c53364c848890816689f9d27ea51bf2ef1f0ac1:81782038958429464822585204355251006658950262261366745664754622414825799434339,,spread: malmo ff (-2.5),$2K matched activity,$2K matched activity,EXPIRED,ALLOWED_FULLMATCH,2026-08-31T17:00:00+00:00,EXPIRED,2026-08-31T15:50:00.000Z,2026-08-31T16:57:00.000Z,2.5,0x19d6949b5f022031f65d9c041c53364c848890816689f9d27ea51bf2ef1f0ac1,81782038958429464822585204355251006658950262261366745664754622414825799434339,2026-08-31T15:50:09.926665+00:00,LATEST_ENTRY_WINDOW_PASSED,night-plan:2026-08-31:1700-minsk,TIER1_CORE_STRICT_72_COV50
queue,contur3:night-plan:2026-08-31:1700-minsk:provider:polymarket:905621:2026-08-31:0x81afc5cbe8a335e1d6cdd5193c5b75aa862b8b46d5afe69d1db23ca57ce58c65:108050540852735209235478630021479529053924023447159842092060357816283662201289,,spread: seinajoen jk (-2.5),$1K matched activity,$1K matched activity,EXPIRED,ALLOWED_FULLMATCH,2026-08-31T16:00:00+00:00,EXPIRED,2026-08-31T14:50:00.000Z,2026-08-31T15:57:00.000Z,2.5,0x81afc5cbe8a335e1d6cdd5193c5b75aa862b8b46d5afe69d1db23ca57ce58c65,108050540852735209235478630021479529053924023447159842092060357816283662201289,2026-08-31T14:50:12.198886+00:00,LATEST_ENTRY_WINDOW_PASSED,night-plan:2026-08-31:1700-minsk,TIER2_SAFE_EXPAND_60_COV50
queue,contur3:night-plan:2026-08-29:1700-minsk:provider:polymarket:870425:2026-08-30:0x74bcc3e67fd1eae6c4015f0a4248d337b0828b339d24a27dd23c5ab7db0495a7:27091091418846539165534768212350053543556100847434768749411591060421744538944,,cr vasco da gama vs. cruzeiro ec: o/u 5.5,$10 matched activity,$10 matched activity,EXPIRED,ALLOWED_CORE,2026-08-30T00:20:00+00:00,EXPIRED,2026-08-29T23:10:00.000Z,2026-08-30T00:17:00.000Z,2.5,0x74bcc3e67fd1eae6c4015f0a4248d337b0828b339d24a27dd23c5ab7db0495a7,27091091418846539165534768212350053543556100847434768749411591060421744538944,2026-08-29T23:10:19.96654+00:00,LATEST_ENTRY_WINDOW_PASSED,night-plan:2026-08-29:1700-minsk,TIER2_SAFE_EXPAND_60_COV50
queue,contur3:night-plan:2026-08-29:1700-minsk:provider:polymarket:870430:2026-08-29:0x7f41665e145ae94f2998b94e2be51e68a35ff14d4351f7d24d561adb8cb2d733:19125170947871515718259988448898423733709734883092772061872778397129257299901,,spread: red bull bragantino (-2.5),$39 matched activity,$39 matched activity,EXPIRED,ALLOWED_FULLMATCH,2026-08-29T23:00:00+00:00,EXPIRED,2026-08-29T21:50:00.000Z,2026-08-29T22:57:00.000Z,2.5,0x7f41665e145ae94f2998b94e2be51e68a35ff14d4351f7d24d561adb8cb2d733,19125170947871515718259988448898423733709734883092772061872778397129257299901,2026-08-29T21:50:37.815953+00:00,LATEST_ENTRY_WINDOW_PASSED,night-plan:2026-08-29:1700-minsk,TIER2_SAFE_EXPAND_60_COV50
queue,contur3:night-plan:2026-08-29:1700-minsk:provider:polymarket:859789:2026-08-29:0xaf1ccf6dac4e874fb6064616f8d7cab77b9b2413886f25a4b84f7374aeb2ae4c:13189004209505885969119883952857773097598653972453141307531226067098333641807,,chicago fire fc — match winner,$8K matched activity,$8K matched activity,EXPIRED,ALLOWED_FULLMATCH,2026-08-29T20:30:00+00:00,EXPIRED,2026-08-29T19:20:00.000Z,2026-08-29T20:27:00.000Z,2.5,0xaf1ccf6dac4e874fb6064616f8d7cab77b9b2413886f25a4b84f7374aeb2ae4c,13189004209505885969119883952857773097598653972453141307531226067098333641807,2026-08-29T19:20:18.246778+00:00,LATEST_ENTRY_WINDOW_PASSED,night-plan:2026-08-29:1700-minsk,TIER1_CORE_STRICT_72_COV50
queue,contur3:night-plan:2026-08-29:1700-minsk:provider:polymarket:857742:2026-08-29:0xeb344db9607d5a4c6d7c07ec5a52fc582f65fba29afda239e23f2b625eacbb82:16206699168973452895296745722081734447705588612238466959638260657628764611640,,club atlético de madrid — match winner,$29K matched activity,$29K matched activity,EXPIRED,ALLOWED_FULLMATCH,2026-08-29T19:30:00+00:00,EXPIRED,2026-08-29T18:20:00.000Z,2026-08-29T19:27:00.000Z,2.5,0xeb344db9607d5a4c6d7c07ec5a52fc582f65fba29afda239e23f2b625eacbb82,16206699168973452895296745722081734447705588612238466959638260657628764611640,2026-08-29T18:20:22.225535+00:00,LATEST_ENTRY_WINDOW_PASSED,night-plan:2026-08-29:1700-minsk,TIER1_CORE_STRICT_72_COV50
queue,contur3:night-plan:2026-08-29:1700-minsk:provider:polymarket:857552:2026-08-29:0x13aa402b2b8e53d152cd82ef32872656d69f5a2803e9a0825b05802bedd0038f:67303297318236464392604082278075241018289894030862357777340000393738917504078,,aj auxerre vs. angers sco: o/u 5.5,$1K matched activity,$1K matched activity,EXPIRED,ALLOWED_CORE,2026-08-29T18:45:00+00:00,EXPIRED,2026-08-29T17:35:00.000Z,2026-08-29T18:42:00.000Z,2.5,0x13aa402b2b8e53d152cd82ef32872656d69f5a2803e9a0825b05802bedd0038f,67303297318236464392604082278075241018289894030862357777340000393738917504078,2026-08-29T17:35:34.615197+00:00,LATEST_ENTRY_WINDOW_PASSED,night-plan:2026-08-29:1700-minsk,TIER2_SAFE_EXPAND_60_COV50
queue,contur3:night-plan:2026-08-29:1700-minsk:provider:polymarket:857545:2026-08-29:0xd175c5e6f7fbbcac01b9bc3d6b91b86f1193040cab859ee662de6f881d3994fc:100901548911829422686571680564556342663444955943246756737064079856964781275878,,fc lorient vs. es troyes ac: fc lorient o/u 0.5,$105 matched activity,$105 matched activity,EXPIRED,ALLOWED_CORE,2026-08-29T18:45:00+00:00,EXPIRED,2026-08-29T17:35:00.000Z,2026-08-29T18:42:00.000Z,2.5,0xd175c5e6f7fbbcac01b9bc3d6b91b86f1193040cab859ee662de6f881d3994fc,100901548911829422686571680564556342663444955943246756737064079856964781275878,2026-08-29T17:35:34.172438+00:00,LATEST_ENTRY_WINDOW_PASSED,night-plan:2026-08-29:1700-minsk,TIER2_SAFE_EXPAND_60_COV50
queue,contur3:night-plan:2026-08-29:1700-minsk:provider:polymarket:859968:2026-08-29:0x0bf4f6a315f5c71410890c72a16b320170cb3bd16ae4180076ca345cc964075f:22360440732571901526735473059061507039104446785128337051157481876930454113210,,çaykur rizespor — match winner,$22K matched activity,$22K matched activity,EXPIRED,ALLOWED_FULLMATCH,2026-08-29T18:30:00+00:00,EXPIRED,2026-08-29T17:20:00.000Z,2026-08-29T18:27:00.000Z,2.5,0x0bf4f6a315f5c71410890c72a16b320170cb3bd16ae4180076ca345cc964075f,22360440732571901526735473059061507039104446785128337051157481876930454113210,2026-08-29T17:20:25.896345+00:00,LATEST_ENTRY_WINDOW_PASSED,night-plan:2026-08-29:1700-minsk,TIER1_CORE_STRICT_72_COV50
queue,contur3:night-plan:2026-08-29:1700-minsk:provider:polymarket:895494:2026-08-29:0xfab39a69a9d700847e847fb281427c235fc7e34e8107c393b0c40bde9aebfa41:52601062321899476919679645561618358619687213756212133318811575909923570241352,,chicago white sox vs. minnesota twins,$74K matched activity,$74K matched activity,EXPIRED,ALLOWED_CORE,2026-08-29T18:10:00+00:00,EXPIRED,2026-08-29T17:00:00.000Z,2026-08-29T18:07:00.000Z,2.5,0xfab39a69a9d700847e847fb281427c235fc7e34e8107c393b0c40bde9aebfa41,52601062321899476919679645561618358619687213756212133318811575909923570241352,2026-08-29T17:01:14.740746+00:00,LATEST_ENTRY_WINDOW_PASSED,night-plan:2026-08-29:1700-minsk,TIER1_CORE_STRICT_72_COV50
queue,contur3:night-plan:2026-08-29:1700-minsk:provider:polymarket:857939:2026-08-29:0x4abcef512b0638438b243adcfe6850a5fdad04555f1b407d7a2642e072429967:58363118901904811206699587720978692849287085520686327135399712734923524675515,,spread: rcd espanyol de barcelona (-1.5),$9K matched activity,$9K matched activity,EXPIRED,ALLOWED_FULLMATCH,2026-08-29T17:00:00+00:00,EXPIRED,2026-08-29T15:50:00.000Z,2026-08-29T16:57:00.000Z,2.5,0x4abcef512b0638438b243adcfe6850a5fdad04555f1b407d7a2642e072429967,58363118901904811206699587720978692849287085520686327135399712734923524675515,2026-08-29T15:50:27.841566+00:00,LATEST_ENTRY_WINDOW_PASSED,night-plan:2026-08-29:1700-minsk,TIER1_CORE_STRICT_72_COV50
queue,contur3:night-plan:2026-08-29:1700-minsk:provider:polymarket:863533:2026-08-29:0x0b0ab91c58111a055cea33b4932de1ebdf567bebca24ecf8db7a5b24bd71d4aa:57821211729491702687453783263703189057427123410671778363641291380205307794319,,spread: az (-1.5),$33K matched activity,$33K matched activity,EXPIRED,ALLOWED_FULLMATCH,2026-08-29T16:45:00+00:00,EXPIRED,2026-08-29T15:35:00.000Z,2026-08-29T16:42:00.000Z,2.5,0x0b0ab91c58111a055cea33b4932de1ebdf567bebca24ecf8db7a5b24bd71d4aa,57821211729491702687453783263703189057427123410671778363641291380205307794319,2026-08-29T15:35:14.271147+00:00,LATEST_ENTRY_WINDOW_PASSED,night-plan:2026-08-29:1700-minsk,TIER1_CORE_STRICT_72_COV50
queue,contur3:night-plan:2026-08-29:1700-minsk:provider:polymarket:857180:2026-08-29:0x243d334f1b26e230d4c0fdc1a67b5b71618ee1c617d17965aea3bee02f4c78c6:31618560639835050477033428159616064858770515110767700438102247723638204836441,,tottenham hotspur fc — match winner,$12K matched activity,$12K matched activity,EXPIRED,ALLOWED_FULLMATCH,2026-08-29T16:30:00+00:00,EXPIRED,2026-08-29T15:20:00.000Z,2026-08-29T16:27:00.000Z,2.5,0x243d334f1b26e230d4c0fdc1a67b5b71618ee1c617d17965aea3bee02f4c78c6,31618560639835050477033428159616064858770515110767700438102247723638204836441,2026-08-29T15:20:05.829879+00:00,LATEST_ENTRY_WINDOW_PASSED,night-plan:2026-08-29:1700-minsk,TIER1_CORE_STRICT_72_COV50
queue,contur3:night-plan:2026-08-29:1700-minsk:provider:polymarket:857546:2026-08-29:0xc7a1c0199b78c569233f3a391cd7d573d32712d4d8d2a39690bb37e1aa1893ef:92882290100298430074273806358680883696234104123108205583284793480981702475749,,tottenham hotspur fc vs. newcastle united fc: o...,$16K matched activity,$16K matched activity,EXPIRED,ALLOWED_CORE,2026-08-29T16:30:00+00:00,EXPIRED,2026-08-29T15:20:00.000Z,2026-08-29T16:27:00.000Z,2.5,0xc7a1c0199b78c569233f3a391cd7d573d32712d4d8d2a39690bb37e1aa1893ef,92882290100298430074273806358680883696234104123108205583284793480981702475749,2026-08-29T15:20:05.07768+00:00,LATEST_ENTRY_WINDOW_PASSED,night-plan:2026-08-29:1700-minsk,TIER1_CORE_STRICT_72_COV50
queue,contur3:night-plan:2026-08-29:1700-minsk:provider:polymarket:893671:2026-08-29:0xdc7cf092bcc0625363b3a361d35edfe25160ad4f923338fc328d4763a83649c2:7489025542178119886447752050325300337533341544621625664404594377701888551392,,spread: kalmar ff (-2.5),$132 matched activity,$132 matched activity,EXPIRED,ALLOWED_FULLMATCH,2026-08-29T15:30:00+00:00,EXPIRED,2026-08-29T14:20:00.000Z,2026-08-29T15:27:00.000Z,2.5,0xdc7cf092bcc0625363b3a361d35edfe25160ad4f923338fc328d4763a83649c2,7489025542178119886447752050325300337533341544621625664404594377701888551392,2026-08-29T14:20:04.318594+00:00,LATEST_ENTRY_WINDOW_PASSED,night-plan:2026-08-29:1700-minsk,TIER2_SAFE_EXPAND_60_COV50
queue,contur3:night-plan:2026-08-29:1700-minsk:provider:polymarket:858428:2026-08-29:0xdd08926f364eef5e664fefbd8528f9efb19f84a01b079bfb2c8f0db926a02cbc:46348534178119235532293753802954023643939746582240198252200102250038684499851,,spread: cs marítimo (-2.5),$46 matched activity,$46 matched activity,EXPIRED,ALLOWED_FULLMATCH,2026-08-29T14:30:00+00:00,EXPIRED,2026-08-29T13:20:00.000Z,2026-08-29T14:27:00.000Z,2.5,0xdd08926f364eef5e664fefbd8528f9efb19f84a01b079bfb2c8f0db926a02cbc,46348534178119235532293753802954023643939746582240198252200102250038684499851,2026-08-29T14:05:32.184021+00:00,LATEST_ENTRY_WINDOW_PASSED,night-plan:2026-08-29:1700-minsk,TIER2_SAFE_EXPAND_60_COV50
queue,contur3:night-plan:2026-08-29:1700-minsk:provider:polymarket:853647:2026-08-29:0xeada8adc2e6249e80f843497dd8da782ea7cc7948a9b0e0a639b64c8f79889fd:9282301678034873225055219583119642563625877992572127915429651879401020561471,,sbv excelsior — match winner,$10K matched activity,$10K matched activity,EXPIRED,ALLOWED_FULLMATCH,2026-08-29T14:30:00+00:00,EXPIRED,2026-08-29T13:20:00.000Z,2026-08-29T14:27:00.000Z,2.5,0xeada8adc2e6249e80f843497dd8da782ea7cc7948a9b0e0a639b64c8f79889fd,9282301678034873225055219583119642563625877992572127915429651879401020561471,2026-08-29T14:05:31.750669+00:00,LATEST_ENTRY_WINDOW_PASSED,night-plan:2026-08-29:1700-minsk,TIER1_CORE_STRICT_72_COV50
queue,contur3:night-plan:2026-08-29:1700-minsk:provider:polymarket:857734:2026-08-29:0xbd6d74cb08970ee0940184580b18ac4ff993369477c50beea36faef3ad64286a:43795924639979902349979476638657664820583607053816920311773708282023947731634,,real betis balompié — match winner,$4K matched activity,$4K matched activity,EXPIRED,ALLOWED_FULLMATCH,2026-08-29T15:00:00+00:00,EXPIRED,2026-08-29T13:50:00.000Z,2026-08-29T14:57:00.000Z,2.5,0xbd6d74cb08970ee0940184580b18ac4ff993369477c50beea36faef3ad64286a,43795924639979902349979476638657664820583607053816920311773708282023947731634,2026-08-29T13:50:27.756794+00:00,LATEST_ENTRY_WINDOW_PASSED,night-plan:2026-08-29:1700-minsk,TIER2_SAFE_EXPAND_60_COV50
queue,contur3:night-plan:2026-08-29:1700-minsk:provider:polymarket:857203:2026-08-29:0xd9c523bbff76424ef7965e1052a80b2281b5faec62511f55026deb9a38cf1ae8:22165698128223023258688946453175900926360648379183995084292452039207641698458,,bristol city fc — match winner,$44 matched activity,$44 matched activity,EXPIRED,ALLOWED_FULLMATCH,2026-08-29T14:00:00+00:00,EXPIRED,2026-08-29T12:50:00.000Z,2026-08-29T13:57:00.000Z,2.5,0xd9c523bbff76424ef7965e1052a80b2281b5faec62511f55026deb9a38cf1ae8,22165698128223023258688946453175900926360648379183995084292452039207641698458,2026-08-29T12:50:31.004741+00:00,LATEST_ENTRY_WINDOW_PASSED,night-plan:2026-08-29:1700-minsk,TIER2_SAFE_EXPAND_60_COV50
queue,contur3:night-plan:2026-08-29:1700-minsk:provider:polymarket:858835:2026-08-29:0xb25385f50759521e34564d7c6728b264049cc0abb52b965820fba67f6e5abd9b:95941076630619091662015000316665999646166960971058511946301475797438306231588,,watford fc vs. west ham united fc: o/u 1.5,$105 matched activity,$105 matched activity,EXPIRED,ALLOWED_CORE,2026-08-29T14:00:00+00:00,EXPIRED,2026-08-29T12:50:00.000Z,2026-08-29T13:57:00.000Z,2.5,0xb25385f50759521e34564d7c6728b264049cc0abb52b965820fba67f6e5abd9b,95941076630619091662015000316665999646166960971058511946301475797438306231588,2026-08-29T12:50:30.612651+00:00,LATEST_ENTRY_WINDOW_PASSED,night-plan:2026-08-29:1700-minsk,TIER2_SAFE_EXPAND_60_COV50
queue,contur3:night-plan:2026-08-29:1700-minsk:provider:polymarket:858831:2026-08-29:0xea0a72f8c03d705eb398d1c48beac768601cdd24c3ee76b20de2858382ad7ef1:19556728742796814065701095630422060956052425967645880804350257876587679283268,,charlton athletic fc vs. preston north end fc: ...,$59 matched activity,$59 matched activity,EXPIRED,ALLOWED_CORE,2026-08-29T14:00:00+00:00,EXPIRED,2026-08-29T12:50:00.000Z,2026-08-29T13:57:00.000Z,2.5,0xea0a72f8c03d705eb398d1c48beac768601cdd24c3ee76b20de2858382ad7ef1,19556728742796814065701095630422060956052425967645880804350257876587679283268,2026-08-29T12:50:30.063623+00:00,LATEST_ENTRY_WINDOW_PASSED,night-plan:2026-08-29:1700-minsk,TIER2_SAFE_EXPAND_60_COV50
queue,contur3:night-plan:2026-08-29:1700-minsk:provider:polymarket:858353:2026-08-29:0xad4aed9d4272f6325b47acbc85b424ac4c043c1f2bc4e7f5b7aa8614aafa44dd:106572620910438416603515186091115702940604995317345382085751066782710733602083,,milton keynes dons fc vs. leicester city fc - m...,$11 matched activity,$11 matched activity,EXPIRED,ALLOWED_CORE,2026-08-29T11:30:00+00:00,EXPIRED,2026-08-29T10:20:00.000Z,2026-08-29T11:27:00.000Z,2.5,0xad4aed9d4272f6325b47acbc85b424ac4c043c1f2bc4e7f5b7aa8614aafa44dd,106572620910438416603515186091115702940604995317345382085751066782710733602083,2026-08-29T10:20:31.140864+00:00,LATEST_ENTRY_WINDOW_PASSED,night-plan:2026-08-29:1700-minsk,TIER2_SAFE_EXPAND_60_COV50
queue,contur3:night-plan:2026-08-29:1700-minsk:provider:polymarket:892083:2026-08-29:0x4854d96c75984fd9fa7c71979501e346268e64a177938ea035f261c4d058d2aa:23350005044802682322100069260654025200660475900396771867156570684106792802442,,ufc fight night: ding meng vs. cameron nelson (...,$21K matched activity,$21K matched activity,EXPIRED,ALLOWED_CORE,2026-08-29T07:00:00+00:00,EXPIRED,2026-08-29T05:50:00.000Z,2026-08-29T06:57:00.000Z,2.5,0x4854d96c75984fd9fa7c71979501e346268e64a177938ea035f261c4d058d2aa,23350005044802682322100069260654025200660475900396771867156570684106792802442,2026-08-29T05:50:23.810057+00:00,LATEST_ENTRY_WINDOW_PASSED,night-plan:2026-08-29:1700-minsk,TIER1_CORE_STRICT_72_COV50
queue,contur3:night-plan:2026-08-29:1700-minsk:provider:polymarket:856055:2026-08-29:0xb7c267207158557139f725bf60692b4d24607aabec513a6ba2de50d50dfbbc74:21738821742434061251389455983143442923526360533357056718744753301781842781677,,ufc fight night: yan xiaonan vs. denise gomes (...,$16K matched activity,$16K matched activity,EXPIRED,ALLOWED_CORE,2026-08-29T07:00:00+00:00,EXPIRED,2026-08-29T05:50:00.000Z,2026-08-29T06:57:00.000Z,2.5,0xb7c267207158557139f725bf60692b4d24607aabec513a6ba2de50d50dfbbc74,21738821742434061251389455983143442923526360533357056718744753301781842781677,2026-08-29T05:50:23.337519+00:00,LATEST_ENTRY_WINDOW_PASSED,night-plan:2026-08-29:1700-minsk,TIER1_CORE_STRICT_72_COV50
queue,contur3:night-plan:2026-08-29:1700-minsk:provider:polymarket:858100:2026-08-29:0xc63145d449043f46574a97f137daf0cfc76ee0bb606f5a2c140febd1d3327cba:87552758173373770442280280503513520334229973681795854336544483048917678916203,,spread: club tijuana (-2.5),$385 matched activity,$385 matched activity,EXECUTED,ALLOWED_FULLMATCH,2026-08-29T03:10:00+00:00,EXPIRED,2026-08-29T02:00:00.000Z,2026-08-29T03:07:00.000Z,2.5,0xc63145d449043f46574a97f137daf0cfc76ee0bb606f5a2c140febd1d3327cba,87552758173373770442280280503513520334229973681795854336544483048917678916203,2026-08-29T02:00:19.379697+00:00,RESERVED_EVENT_MAX_SIGNAL_SCORE_V1,night-plan:2026-08-29:1700-minsk,TIER2_SAFE_EXPAND_60_COV50
queue,contur3:night-plan:2026-08-29:1700-minsk:provider:polymarket:852171:2026-08-29:0xe3a7ba3bb6d60bdf6a24cdb7bdaaec1cfd38ac938bc5ab26c72968c20877b072:64697802715883316506461837924625777927759569078563529673018598444090442843204,,spread: washington mystics (-6.5),$14K matched activity,$14K matched activity,EXECUTED,ALLOWED_FULLMATCH,2026-08-29T02:00:00+00:00,EXPIRED,2026-08-29T00:50:00.000Z,2026-08-29T01:57:00.000Z,2.5,0xe3a7ba3bb6d60bdf6a24cdb7bdaaec1cfd38ac938bc5ab26c72968c20877b072,64697802715883316506461837924625777927759569078563529673018598444090442843204,2026-08-29T00:50:37.410323+00:00,RESERVED_EVENT_MAX_SIGNAL_SCORE_V1,night-plan:2026-08-29:1700-minsk,TIER1_CORE_STRICT_72_COV50
queue,contur3:night-plan:2026-08-29:1700-minsk:provider:polymarket:864346:2026-08-29:0xf1dfb26ce654ce1bf12c1e2c080ad8f0b637e11503138ef1a935e6093dc12920:41129703510396131148298487547960265703516168467007754320460309245134075051252,,spread: ca boca juniors (-2.5),$34 matched activity,$34 matched activity,EXECUTED,ALLOWED_FULLMATCH,2026-08-29T00:30:00+00:00,EXPIRED,2026-08-28T23:20:00.000Z,2026-08-29T00:27:00.000Z,2.5,0xf1dfb26ce654ce1bf12c1e2c080ad8f0b637e11503138ef1a935e6093dc12920,41129703510396131148298487547960265703516168467007754320460309245134075051252,2026-08-28T23:20:08.174564+00:00,RESERVED_EVENT_MAX_SIGNAL_SCORE_V1,night-plan:2026-08-29:1700-minsk,TIER2_SAFE_EXPAND_60_COV50
queue,contur3:night-plan:2026-08-29:1700-minsk:provider:polymarket:852168:2026-08-28:0x891be9176b0e547c3ebbd81e5ca2c51cc48bab82c36b1ffe74670f1039aedc03:90927050580243405561156226931156810235829438579821487908002355893361338554999,,spread: atlanta dream (-12.5),$20K matched activity,$20K matched activity,EXPIRED,ALLOWED_FULLMATCH,2026-08-28T23:30:00+00:00,EXPIRED,2026-08-28T22:20:00.000Z,2026-08-28T23:27:00.000Z,2.5,0x891be9176b0e547c3ebbd81e5ca2c51cc48bab82c36b1ffe74670f1039aedc03,90927050580243405561156226931156810235829438579821487908002355893361338554999,2026-08-28T22:20:27.955363+00:00,LATEST_ENTRY_WINDOW_PASSED,night-plan:2026-08-29:1700-minsk,TIER1_CORE_STRICT_72_COV50
queue,contur3:night-plan:2026-08-29:1700-minsk:provider:polymarket:889867:2026-08-28:0x8ec27275c84cccdf176b90747c77d922ebef5cfd6c557ed5e5b8ff8393490f09:27511940944155932845898624596285448861028696577811542148344577965769801340981,,boston red sox vs. new york yankees,$32K matched activity,$32K matched activity,EXPIRED,ALLOWED_CORE,2026-08-28T23:15:00+00:00,EXPIRED,2026-08-28T22:05:00.000Z,2026-08-28T23:12:00.000Z,2.5,0x8ec27275c84cccdf176b90747c77d922ebef5cfd6c557ed5e5b8ff8393490f09,27511940944155932845898624596285448861028696577811542148344577965769801340981,2026-08-28T22:05:23.303778+00:00,LATEST_ENTRY_WINDOW_PASSED,night-plan:2026-08-29:1700-minsk,TIER1_CORE_STRICT_72_COV50
queue,contur3:night-plan:2026-08-29:1700-minsk:provider:polymarket:889864:2026-08-28:0xafbb84711290fa5479dfd0c753f2309e79ec5a5134eb0d6b6d1ee6b8b92f9534:58370720621456573841970848051747949884262000718508914993071655492484270057710,,houston astros vs. new york mets,$22K matched activity,$22K matched activity,EXPIRED,ALLOWED_CORE,2026-08-28T23:10:00+00:00,EXPIRED,2026-08-28T22:00:00.000Z,2026-08-28T23:07:00.000Z,2.5,0xafbb84711290fa5479dfd0c753f2309e79ec5a5134eb0d6b6d1ee6b8b92f9534,58370720621456573841970848051747949884262000718508914993071655492484270057710,2026-08-28T22:00:14.27269+00:00,LATEST_ENTRY_WINDOW_PASSED,night-plan:2026-08-29:1700-minsk,TIER1_CORE_STRICT_72_COV50
queue,contur3:night-plan:2026-08-29:1700-minsk:provider:polymarket:889865:2026-08-28:0xe70efdd54018781b39a5ebdc4e041bbdd15a1da16d2ff412655387f2b1de2fe3:107275218843780281910788581359499089092665471110945657194309349438715001195542,,san diego padres vs. tampa bay rays,$24K matched activity,$24K matched activity,EXPIRED,ALLOWED_CORE,2026-08-28T23:10:00+00:00,EXPIRED,2026-08-28T22:00:00.000Z,2026-08-28T23:07:00.000Z,2.5,0xe70efdd54018781b39a5ebdc4e041bbdd15a1da16d2ff412655387f2b1de2fe3,107275218843780281910788581359499089092665471110945657194309349438715001195542,2026-08-28T22:00:13.793468+00:00,LATEST_ENTRY_WINDOW_PASSED,night-plan:2026-08-29:1700-minsk,TIER1_CORE_STRICT_72_COV50
queue,contur3:night-plan:2026-08-29:1700-minsk:provider:polymarket:858666:2026-08-28:0xd8390d6b552c42bc1851233a526053bf7f6167d0e3350b40fa62e24115466423:44565018510870333548989036172662677041801237465580562048655100335482909267861,,ca unión vs. ca sarmiento - more markets,$587 matched activity,$587 matched activity,EXPIRED,ALLOWED_CORE,2026-08-28T22:00:00+00:00,EXPIRED,2026-08-28T20:50:00.000Z,2026-08-28T21:57:00.000Z,2.5,0xd8390d6b552c42bc1851233a526053bf7f6167d0e3350b40fa62e24115466423,44565018510870333548989036172662677041801237465580562048655100335482909267861,2026-08-28T21:20:29.798437+00:00,LATEST_ENTRY_WINDOW_PASSED,night-plan:2026-08-29:1700-minsk,TIER2_SAFE_EXPAND_60_COV50
queue,contur3:night-plan:2026-08-26:1700-minsk:provider:polymarket:845129:2026-08-26:0x82d1328cc6fa82538b42da71477f427e6715a94ab40f23e28edbe163135deae8:41885572149337764101258361416969442388779033953344294082906185080587886640450,,cd coquimbo unido — match winner,Live market activity,Live market activity,EXECUTED,ALLOWED_FULLMATCH,2026-08-26T22:00:00+00:00,EXPIRED,2026-08-26T20:50:00.000Z,2026-08-26T21:57:00.000Z,2.5,0x82d1328cc6fa82538b42da71477f427e6715a94ab40f23e28edbe163135deae8,41885572149337764101258361416969442388779033953344294082906185080587886640450,2026-08-26T20:50:12.350817+00:00,RESERVED_EVENT_MAX_SIGNAL_SCORE_V1,night-plan:2026-08-26:1700-minsk,TIER3_MICRO_EXPAND_50_COV25
queue,contur3:night-plan:2026-08-26:1700-minsk:provider:polymarket:880617:2026-08-26:0x3b102fc754fb1958898d2edd81ba2bec856eb072feeed9721ace2b5950366181:52085126774118865092715492764856067536174730419487711164279904908227616480499,,cleveland guardians vs. los angeles angels,$49K matched activity,$49K matched activity,EXPIRED,ALLOWED_CORE,2026-08-26T20:07:00+00:00,EXPIRED,2026-08-26T18:57:00.000Z,2026-08-26T20:04:00.000Z,2.5,0x3b102fc754fb1958898d2edd81ba2bec856eb072feeed9721ace2b5950366181,52085126774118865092715492764856067536174730419487711164279904908227616480499,2026-08-26T19:00:15.835718+00:00,LATEST_ENTRY_WINDOW_PASSED,night-plan:2026-08-26:1700-minsk,TIER1_CORE_STRICT_72_COV50
queue,contur3:night-plan:2026-08-26:1700-minsk:provider:polymarket:912551:2026-08-26:0xf767b783bac854d0351efd0081be3779c7908d673eb162d7b3b57e0377e7d032:109784507351786691114593512780943737525227643575945093325240601017246843957320,,winston-salem open (doubles): krajicek/mektic v...,Live market activity,Live market activity,EXPIRED,ALLOWED_CORE,2026-08-26T19:30:00+00:00,EXPIRED,2026-08-26T18:20:00.000Z,2026-08-26T19:27:00.000Z,2.5,0xf767b783bac854d0351efd0081be3779c7908d673eb162d7b3b57e0377e7d032,109784507351786691114593512780943737525227643575945093325240601017246843957320,2026-08-26T18:20:33.104681+00:00,LATEST_ENTRY_WINDOW_PASSED,night-plan:2026-08-26:1700-minsk,TIER3_MICRO_EXPAND_50_COV25
queue,contur3:night-plan:2026-08-26:1700-minsk:provider:polymarket:842590:2026-08-26:0xafe68e1483d40328b5dab00f28a88fd45aae31618d8cacd75f4b086c2bb96a5f:41448571615555754297023896856452326968726582441740481415147754275912568600155,,spread: real madrid cf (-1.5),$12K matched activity,$12K matched activity,EXECUTED,ALLOWED_FULLMATCH,2026-08-26T19:00:00+00:00,EXPIRED,2026-08-26T17:50:00.000Z,2026-08-26T18:57:00.000Z,2.5,0xafe68e1483d40328b5dab00f28a88fd45aae31618d8cacd75f4b086c2bb96a5f,41448571615555754297023896856452326968726582441740481415147754275912568600155,2026-08-26T17:50:12.168119+00:00,RESERVED_EVENT_MAX_SIGNAL_SCORE_V1,night-plan:2026-08-26:1700-minsk,TIER1_CORE_STRICT_72_COV50
queue,contur3:night-plan:2026-08-26:1700-minsk:provider:polymarket:905278:2026-08-26:0xaffb4a71e0662bfa215a13d1dfc2ad45c4c92bfcb2071d38e2ffd1fef3b4f2db:104166895545984531858561063085022001404969845128863416827638085988045559073220,,bootle fc — match winner,Live market activity,Live market activity,EXPIRED,ALLOWED_FULLMATCH,2026-08-26T18:45:00+00:00,EXPIRED,2026-08-26T17:35:00.000Z,2026-08-26T18:42:00.000Z,2.5,0xaffb4a71e0662bfa215a13d1dfc2ad45c4c92bfcb2071d38e2ffd1fef3b4f2db,104166895545984531858561063085022001404969845128863416827638085988045559073220,2026-08-26T17:35:04.408718+00:00,LATEST_ENTRY_WINDOW_PASSED,night-plan:2026-08-26:1700-minsk,TIER3_MICRO_EXPAND_50_COV25
queue,contur3:night-plan:2026-08-26:1700-minsk:provider:polymarket:896637:2026-08-26:0x1802db81644b8619c59dfc69f5eab3157ec0b466ffbfdecfff51a253454b3a0a:23220795172057612233418622905144729360297513549553374878717953414328487080011,,longlevens afc — match winner,Live market activity,Live market activity,EXPIRED,ALLOWED_FULLMATCH,2026-08-26T18:45:00+00:00,EXPIRED,2026-08-26T17:35:00.000Z,2026-08-26T18:42:00.000Z,2.5,0x1802db81644b8619c59dfc69f5eab3157ec0b466ffbfdecfff51a253454b3a0a,23220795172057612233418622905144729360297513549553374878717953414328487080011,2026-08-26T17:35:03.578615+00:00,LATEST_ENTRY_WINDOW_PASSED,night-plan:2026-08-26:1700-minsk,TIER3_MICRO_EXPAND_50_COV25
queue,contur3:night-plan:2026-08-26:1700-minsk:provider:polymarket:912563:2026-08-26:0x44f4394abc4b90a9d9b4d2d8487247b9354f1645c5400ece1cce565c42774c88:113707597204844319124368272292353385601656900362805448179542821981088440333597,,"us open, qualification wta: susan bandecchi vs ...",Live market activity,Live market activity,EXPIRED,ALLOWED_CORE,2026-08-26T18:00:00+00:00,EXPIRED,2026-08-26T16:50:00.000Z,2026-08-26T17:57:00.000Z,2.5,0x44f4394abc4b90a9d9b4d2d8487247b9354f1645c5400ece1cce565c42774c88,113707597204844319124368272292353385601656900362805448179542821981088440333597,2026-08-26T16:50:18.649943+00:00,LATEST_ENTRY_WINDOW_PASSED,night-plan:2026-08-26:1700-minsk,TIER3_MICRO_EXPAND_50_COV25
queue,contur3:night-plan:2026-08-26:1700-minsk:provider:polymarket:912562:2026-08-26:0x79dce2211cc92771073bdb107f86f66622cca73516366ff5854b261814c92722:100812591376295473582418772199208310743942492149076120572435883252794247973063,,"us open, qualification wta: kristina penickova ...",Live market activity,Live market activity,EXPIRED,ALLOWED_CORE,2026-08-26T18:00:00+00:00,EXPIRED,2026-08-26T16:50:00.000Z,2026-08-26T17:57:00.000Z,2.5,0x79dce2211cc92771073bdb107f86f66622cca73516366ff5854b261814c92722,100812591376295473582418772199208310743942492149076120572435883252794247973063,2026-08-26T16:50:18.186924+00:00,LATEST_ENTRY_WINDOW_PASSED,night-plan:2026-08-26:1700-minsk,TIER3_MICRO_EXPAND_50_COV25
queue,contur3:night-plan:2026-08-26:1700-minsk:provider:polymarket:912561:2026-08-26:0x1f6a5a6e3f71825f9ce5acff049ce730e783a02a2400d5f5371921693429ffdd:100888704939509146880828598467861207199832103324179867494332097966734956735292,,"us open, qualification wta: tamara zidansek vs ...",Live market activity,Live market activity,EXPIRED,ALLOWED_CORE,2026-08-26T18:00:00+00:00,EXPIRED,2026-08-26T16:50:00.000Z,2026-08-26T17:57:00.000Z,2.5,0x1f6a5a6e3f71825f9ce5acff049ce730e783a02a2400d5f5371921693429ffdd,100888704939509146880828598467861207199832103324179867494332097966734956735292,2026-08-26T16:50:17.757235+00:00,LATEST_ENTRY_WINDOW_PASSED,night-plan:2026-08-26:1700-minsk,TIER3_MICRO_EXPAND_50_COV25
queue,contur3:night-plan:2026-08-26:1700-minsk:provider:polymarket:912560:2026-08-26:0x3f86d3c24bdaa909c2267a77dc25974923ff6bf10b9bc51945dcf99cbf188e3a:71637945224055493783535025601925090259678913212690154468092958082203978564139,,"us open, qualification wta: moyuka uchijima vs ...",Live market activity,Live market activity,EXECUTED,ALLOWED_CORE,2026-08-26T18:00:00+00:00,EXPIRED,2026-08-26T16:50:00.000Z,2026-08-26T17:57:00.000Z,2.5,0x3f86d3c24bdaa909c2267a77dc25974923ff6bf10b9bc51945dcf99cbf188e3a,71637945224055493783535025601925090259678913212690154468092958082203978564139,2026-08-26T16:50:17.202066+00:00,RESERVED_EVENT_MAX_SIGNAL_SCORE_V1,night-plan:2026-08-26:1700-minsk,TIER3_MICRO_EXPAND_50_COV25
queue,contur3:night-plan:2026-08-26:1700-minsk:provider:polymarket:904136:2026-08-26:0x786f46a94d8cc64713764d5e53c667dd449aa90d5e63d13e87cff486dd704a82:33571824278608118935616303501917781090396091187422429255866473566014441850918,,polokwane city — match winner,Live market activity,Live market activity,EXECUTED,ALLOWED_FULLMATCH,2026-08-26T17:30:00+00:00,EXPIRED,2026-08-26T16:20:00.000Z,2026-08-26T17:27:00.000Z,2.5,0x786f46a94d8cc64713764d5e53c667dd449aa90d5e63d13e87cff486dd704a82,33571824278608118935616303501917781090396091187422429255866473566014441850918,2026-08-26T16:20:13.650731+00:00,RESERVED_EVENT_MAX_SIGNAL_SCORE_V1,night-plan:2026-08-26:1700-minsk,TIER3_MICRO_EXPAND_50_COV25
queue,contur3:night-plan:2026-08-26:1700-minsk:provider:polymarket:876394:2026-08-26:0x3c9870cd9088b17e46c616d0037dc27640e54d0ec916031d3957172d10e04e69:108658770574738127898963990323334141711873903344019588732122144061140610544789,,moss fk — match winner,Live market activity,Live market activity,EXPIRED,ALLOWED_FULLMATCH,2026-08-26T17:00:00+00:00,EXPIRED,2026-08-26T15:50:00.000Z,2026-08-26T16:57:00.000Z,2.5,0x3c9870cd9088b17e46c616d0037dc27640e54d0ec916031d3957172d10e04e69,108658770574738127898963990323334141711873903344019588732122144061140610544789,2026-08-26T15:50:32.624804+00:00,LATEST_ENTRY_WINDOW_PASSED,night-plan:2026-08-26:1700-minsk,TIER3_MICRO_EXPAND_50_COV25
queue,contur3:night-plan:2026-08-26:1700-minsk:provider:polymarket:904587:2026-08-26:0x339fe6ad440c628c38832f6f3f70dfdae60bced829ce456ba1fd005280b658db:43397562903254172847719781478059941852913608953313197715446265510580802180147,,tartu jk tammeka — match winner,Live market activity,Live market activity,EXECUTED,ALLOWED_FULLMATCH,2026-08-26T16:00:00+00:00,EXPIRED,2026-08-26T14:50:00.000Z,2026-08-26T15:57:00.000Z,2.5,0x339fe6ad440c628c38832f6f3f70dfdae60bced829ce456ba1fd005280b658db,43397562903254172847719781478059941852913608953313197715446265510580802180147,2026-08-26T14:50:30.328692+00:00,RESERVED_EVENT_MAX_SIGNAL_SCORE_V1,night-plan:2026-08-26:1700-minsk,TIER3_MICRO_EXPAND_50_COV25
queue,contur3:night-plan:2026-08-26:1700-minsk:provider:polymarket:908233:2026-08-26:0x1ccbd092403fc55ebf99144b394cd4edddbf7931a953f1ffbe6c340ac711efcb:53425081579298900114063459520083099953662476961251733005831130541766155055947,,"us open, qualification atp: francesco passaro v...",Live market activity,Live market activity,EXPIRED,ALLOWED_CORE,2026-08-26T15:00:00+00:00,EXPIRED,2026-08-26T13:50:00.000Z,2026-08-26T14:57:00.000Z,2.5,0x1ccbd092403fc55ebf99144b394cd4edddbf7931a953f1ffbe6c340ac711efcb,53425081579298900114063459520083099953662476961251733005831130541766155055947,2026-08-26T14:05:29.518128+00:00,LATEST_ENTRY_WINDOW_PASSED,night-plan:2026-08-26:1700-minsk,TIER3_MICRO_EXPAND_50_COV25
queue,contur3:night-plan:2026-08-26:1700-minsk:provider:polymarket:906821:2026-08-26:0xd966142037c9abc41355412a73956a6fa160d1ee2b90a52fcf25e26a58301709:43467836977827311390482820761572933842953016361616639647734109096138350713020,,"us open, qualification wta: mai hontama vs andr...",Live market activity,Live market activity,EXECUTED,ALLOWED_CORE,2026-08-26T15:00:00+00:00,EXPIRED,2026-08-26T13:50:00.000Z,2026-08-26T14:57:00.000Z,2.5,0xd966142037c9abc41355412a73956a6fa160d1ee2b90a52fcf25e26a58301709,43467836977827311390482820761572933842953016361616639647734109096138350713020,2026-08-26T14:05:29.049552+00:00,RESERVED_EVENT_MAX_SIGNAL_SCORE_V1,night-plan:2026-08-26:1700-minsk,TIER3_MICRO_EXPAND_50_COV25
queue,contur3:night-plan:2026-08-25:1700-minsk:provider:polymarket:909565:2026-08-26:0x6179f3c7f084d21b40fee7d4a22bcb88ee6dfbf9616a77da2e1a53264d34edbc:55729693817090447906863261838207297436415329211067056473178984306941745116957,,"greece f17, singles: filip peliwo vs joshua cha...",Live market activity,Live market activity,EXPIRED,ALLOWED_CORE,2026-08-26T06:00:00+00:00,EXPIRED,2026-08-26T04:50:00.000Z,2026-08-26T05:57:00.000Z,2.5,0x6179f3c7f084d21b40fee7d4a22bcb88ee6dfbf9616a77da2e1a53264d34edbc,55729693817090447906863261838207297436415329211067056473178984306941745116957,2026-08-26T04:50:35.868215+00:00,LATEST_ENTRY_WINDOW_PASSED,night-plan:2026-08-25:1700-minsk,TIER3_MICRO_EXPAND_50_COV25
queue,contur3:night-plan:2026-08-25:1700-minsk:provider:polymarket:909563:2026-08-26:0x36ee5b48134652f0b539028cbf25cc2a47a0e25cc9076fb2d548e14136e32fa9:102689897031156176287605297098891952474579907682019912937590992665635237579779,,itf m25 taipei 2 men: ryuki matsuda vs kuan-sho...,Live market activity,Live market activity,EXPIRED,ALLOWED_CORE,2026-08-26T04:30:00+00:00,EXPIRED,2026-08-26T03:20:00.000Z,2026-08-26T04:27:00.000Z,2.5,0x36ee5b48134652f0b539028cbf25cc2a47a0e25cc9076fb2d548e14136e32fa9,102689897031156176287605297098891952474579907682019912937590992665635237579779,2026-08-26T03:20:11.677335+00:00,LATEST_ENTRY_WINDOW_PASSED,night-plan:2026-08-25:1700-minsk,TIER3_MICRO_EXPAND_50_COV25
queue,contur3:night-plan:2026-08-25:1700-minsk:provider:polymarket:909562:2026-08-26:0xade94b6940bd45351e1d87238c7769541d81a98664a24b530466cc64bb75a80e:32338422260437826174682133669447007073412177559488875857503539411547015197353,,itf m25 taipei 2 men: kristjan tamm vs ren naka...,Live market activity,Live market activity,EXPIRED,ALLOWED_CORE,2026-08-26T04:30:00+00:00,EXPIRED,2026-08-26T03:20:00.000Z,2026-08-26T04:27:00.000Z,2.5,0xade94b6940bd45351e1d87238c7769541d81a98664a24b530466cc64bb75a80e,32338422260437826174682133669447007073412177559488875857503539411547015197353,2026-08-26T03:20:11.289735+00:00,LATEST_ENTRY_WINDOW_PASSED,night-plan:2026-08-25:1700-minsk,TIER3_MICRO_EXPAND_50_COV25
queue,contur3:night-plan:2026-08-25:1700-minsk:provider:polymarket:909561:2026-08-26:0xc7d280e31fd1f8da912aef44e0964ab9eccb905fbe96b64c4ea92f2933bb8454:11536279494036489329238549822864416168454069313409580210515674587030106458952,,itf m25 taipei 2 men: kosuke ogura vs omar jasika,Live market activity,Live market activity,EXPIRED,ALLOWED_CORE,2026-08-26T04:30:00+00:00,EXPIRED,2026-08-26T03:20:00.000Z,2026-08-26T04:27:00.000Z,2.5,0xc7d280e31fd1f8da912aef44e0964ab9eccb905fbe96b64c4ea92f2933bb8454,11536279494036489329238549822864416168454069313409580210515674587030106458952,2026-08-26T03:20:10.750025+00:00,LATEST_ENTRY_WINDOW_PASSED,night-plan:2026-08-25:1700-minsk,TIER3_MICRO_EXPAND_50_COV25
queue,contur3:night-plan:2026-08-25:1700-minsk:provider:polymarket:909559:2026-08-26:0xd3583137887293b5c16c930a1359914cbe96af1cf929bf0f6264409d3e2c39a6:105318291605015002488197541745087667143913165474446284821265076127595281344296,,"greece f17, singles: denis vishenchuk vishenko ...",Live market activity,Live market activity,EXPIRED,ALLOWED_CORE,2026-08-26T04:00:00+00:00,EXPIRED,2026-08-26T02:50:00.000Z,2026-08-26T03:57:00.000Z,2.5,0xd3583137887293b5c16c930a1359914cbe96af1cf929bf0f6264409d3e2c39a6,105318291605015002488197541745087667143913165474446284821265076127595281344296,2026-08-26T02:50:22.100431+00:00,LATEST_ENTRY_WINDOW_PASSED,night-plan:2026-08-25:1700-minsk,TIER3_MICRO_EXPAND_50_COV25
queue,contur3:night-plan:2026-08-25:1700-minsk:provider:polymarket:909554:2026-08-26:0xf36149ac4c6e969c0076d99b669fb8323dd4d43d7d98fadb5aa72531362ad238:22359220020674389612858092760467732653633119322218175654884332138471213458709,,itf m25 taipei 2 men: moerani bouzige vs luca c...,Live market activity,Live market activity,EXPIRED,ALLOWED_CORE,2026-08-26T03:30:00+00:00,EXPIRED,2026-08-26T02:20:00.000Z,2026-08-26T03:27:00.000Z,2.5,0xf36149ac4c6e969c0076d99b669fb8323dd4d43d7d98fadb5aa72531362ad238,22359220020674389612858092760467732653633119322218175654884332138471213458709,2026-08-26T02:20:27.413507+00:00,LATEST_ENTRY_WINDOW_PASSED,night-plan:2026-08-25:1700-minsk,TIER3_MICRO_EXPAND_50_COV25
queue,contur3:night-plan:2026-08-25:1700-minsk:provider:polymarket:909553:2026-08-26:0x5e7199f9ec07d4c704e1a112f7a7d2bdc2605269eafea3bb8955749bab0486a7:111742383015142672847260535815806571403520697673250220518340616397987694227561,,itf m25 taipei 2 men: hiromasa koyama vs shinji...,Live market activity,Live market activity,EXPIRED,ALLOWED_CORE,2026-08-26T03:30:00+00:00,EXPIRED,2026-08-26T02:20:00.000Z,2026-08-26T03:27:00.000Z,2.5,0x5e7199f9ec07d4c704e1a112f7a7d2bdc2605269eafea3bb8955749bab0486a7,111742383015142672847260535815806571403520697673250220518340616397987694227561,2026-08-26T02:20:26.598137+00:00,LATEST_ENTRY_WINDOW_PASSED,night-plan:2026-08-25:1700-minsk,TIER3_MICRO_EXPAND_50_COV25
queue,contur3:night-plan:2026-08-25:1700-minsk:provider:polymarket:909551:2026-08-26:0xa47e8f2658308b6c69c4459b19f525d20ef6c232db7081dc6a863be9a8507d84:57493149720115762861753190532310614503257432194047899700079387577547263129010,,"greece f17, singles: shaoyun liu vs reiya komagata",Live market activity,Live market activity,EXPIRED,ALLOWED_CORE,2026-08-26T02:00:00+00:00,EXPIRED,2026-08-26T00:50:00.000Z,2026-08-26T01:57:00.000Z,2.5,0xa47e8f2658308b6c69c4459b19f525d20ef6c232db7081dc6a863be9a8507d84,57493149720115762861753190532310614503257432194047899700079387577547263129010,2026-08-26T00:50:26.699784+00:00,LATEST_ENTRY_WINDOW_PASSED,night-plan:2026-08-25:1700-minsk,TIER3_MICRO_EXPAND_50_COV25
queue,contur3:night-plan:2026-08-25:1700-minsk:provider:polymarket:909549:2026-08-26:0x304c0a2ab8c9d9d744df1c12f4828386b3e8123dd39df94de3fbc028b5d90045:103585582452633020284283927213800632454435689932638972126704191311428728279190,,"greece f17, singles: miles jones vs suk ann",Live market activity,Live market activity,EXPIRED,ALLOWED_CORE,2026-08-26T02:00:00+00:00,EXPIRED,2026-08-26T00:50:00.000Z,2026-08-26T01:57:00.000Z,2.5,0x304c0a2ab8c9d9d744df1c12f4828386b3e8123dd39df94de3fbc028b5d90045,103585582452633020284283927213800632454435689932638972126704191311428728279190,2026-08-26T00:50:26.203046+00:00,LATEST_ENTRY_WINDOW_PASSED,night-plan:2026-08-25:1700-minsk,TIER3_MICRO_EXPAND_50_COV25
queue,contur3:night-plan:2026-08-25:1700-minsk:provider:polymarket:875588:2026-08-26:0x7ff9a4d54f692262c5dea0688439b4857f7f0de42e5efcd430a99cd06c16625f:109201885930044623457040003045670236707020568647058568492731831855759459765707,,spread: cincinnati reds (-1.5),$27 matched activity,$27 matched activity,EXPIRED,ALLOWED_FULLMATCH,2026-08-26T01:45:00+00:00,EXPIRED,2026-08-26T00:35:00.000Z,2026-08-26T01:42:00.000Z,2.5,0x7ff9a4d54f692262c5dea0688439b4857f7f0de42e5efcd430a99cd06c16625f,109201885930044623457040003045670236707020568647058568492731831855759459765707,2026-08-26T00:35:21.173694+00:00,LATEST_ENTRY_WINDOW_PASSED,night-plan:2026-08-25:1700-minsk,TIER2_SAFE_EXPAND_60_COV50
queue,contur3:night-plan:2026-08-25:1700-minsk:provider:polymarket:875579:2026-08-26:0xff14e839f47b1b292ee9424f5429d8fa299f6d411bc2479be53c27405095d9a7:29980974456409178098149224403689696124955234423784071263321565391961185350500,,cleveland guardians vs. los angeles angels,$38K matched activity,$38K matched activity,EXPIRED,ALLOWED_CORE,2026-08-26T01:38:00+00:00,EXPIRED,2026-08-26T00:28:00.000Z,2026-08-26T01:35:00.000Z,2.5,0xff14e839f47b1b292ee9424f5429d8fa299f6d411bc2479be53c27405095d9a7,29980974456409178098149224403689696124955234423784071263321565391961185350500,2026-08-26T00:30:11.535756+00:00,LATEST_ENTRY_WINDOW_PASSED,night-plan:2026-08-25:1700-minsk,TIER1_CORE_STRICT_72_COV50
queue,contur3:night-plan:2026-08-25:1700-minsk:provider:polymarket:909547:2026-08-26:0x6c9ee8598851bc73282f9c8cedf5db8f97cc5d0e5faa5ea207ef830042ac5ac1:32004443885843038650331055725019796566929606079616150238258715815948518731437,,itf m25 taipei 2 men: tai leonard sach vs mukun...,Live market activity,Live market activity,EXPIRED,ALLOWED_CORE,2026-08-26T01:30:00+00:00,EXPIRED,2026-08-26T00:20:00.000Z,2026-08-26T01:27:00.000Z,2.5,0x6c9ee8598851bc73282f9c8cedf5db8f97cc5d0e5faa5ea207ef830042ac5ac1,32004443885843038650331055725019796566929606079616150238258715815948518731437,2026-08-26T00:20:06.829472+00:00,LATEST_ENTRY_WINDOW_PASSED,night-plan:2026-08-25:1700-minsk,TIER3_MICRO_EXPAND_50_COV25
queue,contur3:night-plan:2026-08-25:1700-minsk:provider:polymarket:908007:2026-08-25:0xbc401a8bd55fbc0868c54ed25fa03591a3c192f5018c6bc3707e49c820d7d7b3:107746740612857621565787557948513660710978393881086366740538461953439945917743,,monterrey open: janice tjen vs yulia starodubtseva,Live market activity,Live market activity,EXPIRED,ALLOWED_CORE,2026-08-25T22:30:00+00:00,EXPIRED,2026-08-25T21:20:00.000Z,2026-08-25T22:27:00.000Z,2.5,0xbc401a8bd55fbc0868c54ed25fa03591a3c192f5018c6bc3707e49c820d7d7b3,107746740612857621565787557948513660710978393881086366740538461953439945917743,2026-08-25T21:20:30.758021+00:00,LATEST_ENTRY_WINDOW_PASSED,night-plan:2026-08-25:1700-minsk,TIER3_MICRO_EXPAND_50_COV25
queue,contur3:night-plan:2026-08-25:1700-minsk:provider:polymarket:906977:2026-08-25:0x33e847877e56e2b5e3e80a6ff5f7d5bffc9841b82ec05a350a4ce3b6490ebfb2:102797524239861218539569086112246026246940562474815211231244431918080501646960,,winston-salem open: adrian mannarino vs lorenzo...,Live market activity,Live market activity,EXPIRED,ALLOWED_CORE,2026-08-25T22:30:00+00:00,EXPIRED,2026-08-25T21:20:00.000Z,2026-08-25T22:27:00.000Z,2.5,0x33e847877e56e2b5e3e80a6ff5f7d5bffc9841b82ec05a350a4ce3b6490ebfb2,102797524239861218539569086112246026246940562474815211231244431918080501646960,2026-08-25T21:20:29.920354+00:00,LATEST_ENTRY_WINDOW_PASSED,night-plan:2026-08-25:1700-minsk,TIER3_MICRO_EXPAND_50_COV25
queue,contur3:night-plan:2026-08-25:1700-minsk:provider:polymarket:907261:2026-08-25:0xb0e31e381afd8a7dcfe81af15730601cc20f66d30dfed3beb77103da7bc71184:30652974422590932925856087530351458572420328375564873136536586904814509587399,,"itf m15 champaign, il men: zsombor velcz vs zac...",Live market activity,Live market activity,EXPIRED,ALLOWED_CORE,2026-08-25T21:00:00+00:00,EXPIRED,2026-08-25T19:50:00.000Z,2026-08-25T20:57:00.000Z,2.5,0xb0e31e381afd8a7dcfe81af15730601cc20f66d30dfed3beb77103da7bc71184,30652974422590932925856087530351458572420328375564873136536586904814509587399,2026-08-25T20:52:37.817564+00:00,LATEST_ENTRY_WINDOW_PASSED,night-plan:2026-08-25:1700-minsk,TIER3_MICRO_EXPAND_50_COV25
queue,contur3:night-plan:2026-08-25:1700-minsk:provider:polymarket:907260:2026-08-25:0x742fb118f7631ac2bd45f09efabdac3f623c95a6445f39973bf6b06828beb5f8:32726619832146206505290786484068972586837530469563746105375144223364405299302,,"itf m15 champaign, il men: jeremy zhang vs ofek...",Live market activity,Live market activity,EXPIRED,ALLOWED_CORE,2026-08-25T21:00:00+00:00,EXPIRED,2026-08-25T19:50:00.000Z,2026-08-25T20:57:00.000Z,2.5,0x742fb118f7631ac2bd45f09efabdac3f623c95a6445f39973bf6b06828beb5f8,32726619832146206505290786484068972586837530469563746105375144223364405299302,2026-08-25T20:52:37.367799+00:00,LATEST_ENTRY_WINDOW_PASSED,night-plan:2026-08-25:1700-minsk,TIER3_MICRO_EXPAND_50_COV25
queue,contur3:night-plan:2026-08-25:1700-minsk:provider:polymarket:896636:2026-08-25:0x17e052e95fa94f8d85f1db6553e33c47133d7f696840ff70028a2a30fd1a4466:25954540284521313975833685893615989759885495203828233181030006799775931164629,,haywards heath town fc — match winner,Live market activity,Live market activity,EXPIRED,ALLOWED_FULLMATCH,2026-08-25T18:45:00+00:00,EXPIRED,2026-08-25T17:35:00.000Z,2026-08-25T18:42:00.000Z,2.5,0x17e052e95fa94f8d85f1db6553e33c47133d7f696840ff70028a2a30fd1a4466,25954540284521313975833685893615989759885495203828233181030006799775931164629,2026-08-25T17:35:24.892292+00:00,LATEST_ENTRY_WINDOW_PASSED,night-plan:2026-08-25:1700-minsk,TIER3_MICRO_EXPAND_50_COV25
queue,contur3:night-plan:2026-08-25:1700-minsk:provider:polymarket:896635:2026-08-25:0x3a23eab1c24b4acb5d2aa879806513689afb8d5150c450ea305f2f9eae14788a:33470224190627084294262156755962080136409238814522085823588517338950229671794,,milton keynes irish fc — match winner,Live market activity,Live market activity,EXPIRED,ALLOWED_FULLMATCH,2026-08-25T18:45:00+00:00,EXPIRED,2026-08-25T17:35:00.000Z,2026-08-25T18:42:00.000Z,2.5,0x3a23eab1c24b4acb5d2aa879806513689afb8d5150c450ea305f2f9eae14788a,33470224190627084294262156755962080136409238814522085823588517338950229671794,2026-08-25T17:35:24.519495+00:00,LATEST_ENTRY_WINDOW_PASSED,night-plan:2026-08-25:1700-minsk,TIER3_MICRO_EXPAND_50_COV25
queue,contur3:night-plan:2026-08-25:1700-minsk:provider:polymarket:896633:2026-08-25:0x9ae2bbe20c722c449a370a6721607e67441429732c3f69d711b6a8dc94c89e1b:111061018030395366477732184301263119515551248413411475819160069131776340862792,,prescot cables fc — match winner,Live market activity,Live market activity,EXPIRED,ALLOWED_FULLMATCH,2026-08-25T18:45:00+00:00,EXPIRED,2026-08-25T17:35:00.000Z,2026-08-25T18:42:00.000Z,2.5,0x9ae2bbe20c722c449a370a6721607e67441429732c3f69d711b6a8dc94c89e1b,111061018030395366477732184301263119515551248413411475819160069131776340862792,2026-08-25T17:35:24.085938+00:00,LATEST_ENTRY_WINDOW_PASSED,night-plan:2026-08-25:1700-minsk,TIER3_MICRO_EXPAND_50_COV25
queue,contur3:night-plan:2026-08-25:1700-minsk:provider:polymarket:896630:2026-08-25:0x7a089649ea9a8a359c29b7f5a35816f6cc76f31e71c04d00c4160d4d3f9d0861:70937450780880080081577959588518934111188443910870414252100218549759539724000,,tadley calleva fc — match winner,Live market activity,Live market activity,EXPIRED,ALLOWED_FULLMATCH,2026-08-25T18:45:00+00:00,EXPIRED,2026-08-25T17:35:00.000Z,2026-08-25T18:42:00.000Z,2.5,0x7a089649ea9a8a359c29b7f5a35816f6cc76f31e71c04d00c4160d4d3f9d0861,70937450780880080081577959588518934111188443910870414252100218549759539724000,2026-08-25T17:35:23.340925+00:00,LATEST_ENTRY_WINDOW_PASSED,night-plan:2026-08-25:1700-minsk,TIER3_MICRO_EXPAND_50_COV25
queue,contur3:night-plan:2026-08-25:1700-minsk:provider:polymarket:896625:2026-08-25:0x5e60c1eeda6683554e87fb5af318e265175cd3d76f2f7fd54c70fd1bee1247ab:13808861454833442524206548411739151014335612520467050304443910162270774443085,,horbury town fc — match winner,Live market activity,Live market activity,EXECUTED,ALLOWED_FULLMATCH,2026-08-25T18:45:00+00:00,EXPIRED,2026-08-25T17:35:00.000Z,2026-08-25T18:42:00.000Z,2.5,0x5e60c1eeda6683554e87fb5af318e265175cd3d76f2f7fd54c70fd1bee1247ab,13808861454833442524206548411739151014335612520467050304443910162270774443085,2026-08-25T17:35:22.931326+00:00,RESERVED_EVENT_MAX_SIGNAL_SCORE_V1,night-plan:2026-08-25:1700-minsk,TIER3_MICRO_EXPAND_50_COV25
queue,contur3:night-plan:2026-08-25:1700-minsk:provider:polymarket:896622:2026-08-25:0x4c40b15561ad53e73540536e6bc2bb3bcc19b194dcd27abd8dbdd7ed8379fbd5:49096177617678948604189548434091186071970154092479044190467406429058543063657,,wisbech town fc — match winner,Live market activity,Live market activity,EXPIRED,ALLOWED_FULLMATCH,2026-08-25T18:45:00+00:00,EXPIRED,2026-08-25T17:35:00.000Z,2026-08-25T18:42:00.000Z,2.5,0x4c40b15561ad53e73540536e6bc2bb3bcc19b194dcd27abd8dbdd7ed8379fbd5,49096177617678948604189548434091186071970154092479044190467406429058543063657,2026-08-25T17:35:22.193366+00:00,LATEST_ENTRY_WINDOW_PASSED,night-plan:2026-08-25:1700-minsk,TIER3_MICRO_EXPAND_50_COV25
queue,contur3:night-plan:2026-08-25:1700-minsk:provider:polymarket:890754:2026-08-25:0x1b9b5174793c3ce2c9faf115fb0b68ff7e67267e9c1cf5caed3ee3da8ee39be9:35734797090337440886520151120773617971502140484844539418407719328530993425758,,wokingham town fc — match winner,Live market activity,Live market activity,EXPIRED,ALLOWED_FULLMATCH,2026-08-25T18:45:00+00:00,EXPIRED,2026-08-25T17:35:00.000Z,2026-08-25T18:42:00.000Z,2.5,0x1b9b5174793c3ce2c9faf115fb0b68ff7e67267e9c1cf5caed3ee3da8ee39be9,35734797090337440886520151120773617971502140484844539418407719328530993425758,2026-08-25T17:35:21.683273+00:00,LATEST_ENTRY_WINDOW_PASSED,night-plan:2026-08-25:1700-minsk,TIER3_MICRO_EXPAND_50_COV25
queue,contur3:night-plan:2026-08-25:1700-minsk:provider:polymarket:898296:2026-08-25:0xca9704cc1bbdf7c77437302fcfd2ea1a86661280274645edb3ba77e8e8b44c00:60435458751540322357621658934103057016957568012519137471118940317656763081436,,kingston 2 (doubles): bicknell/fenty vs oliveir...,Live market activity,Live market activity,EXPIRED,ALLOWED_CORE,2026-08-25T15:00:00+00:00,EXPIRED,2026-08-25T13:50:00.000Z,2026-08-25T14:57:00.000Z,2.5,0xca9704cc1bbdf7c77437302fcfd2ea1a86661280274645edb3ba77e8e8b44c00,60435458751540322357621658934103057016957568012519137471118940317656763081436,2026-08-25T14:05:17.510935+00:00,LATEST_ENTRY_WINDOW_PASSED,night-plan:2026-08-25:1700-minsk,TIER3_MICRO_EXPAND_50_COV25
queue,contur3:night-plan:2026-08-25:1700-minsk:provider:polymarket:898295:2026-08-25:0xa6dd33e8540d3b74647d281d35355e1b0d91d032ea268e60ccb609af763ffe57:19554510351249117822939756899728550293828553657483739724922712096849343876281,,kingston 2 (doubles): donski/martin vs marconde...,Live market activity,Live market activity,EXPIRED,ALLOWED_CORE,2026-08-25T15:00:00+00:00,EXPIRED,2026-08-25T13:50:00.000Z,2026-08-25T14:57:00.000Z,2.5,0xa6dd33e8540d3b74647d281d35355e1b0d91d032ea268e60ccb609af763ffe57,19554510351249117822939756899728550293828553657483739724922712096849343876281,2026-08-25T14:05:17.093007+00:00,LATEST_ENTRY_WINDOW_PASSED,night-plan:2026-08-25:1700-minsk,TIER3_MICRO_EXPAND_50_COV25
queue,contur3:night-plan:2026-08-25:1700-minsk:provider:polymarket:898294:2026-08-25:0xd1e769e5633e3e91054650871c8d2478e20ca44b3c9d1d737322451319763293:22607559614317321747075963843130360180418135778227140822148899992212314889359,,kingston 2 (doubles): fancutt/watanabe vs pino/...,Live market activity,Live market activity,EXPIRED,ALLOWED_CORE,2026-08-25T15:00:00+00:00,EXPIRED,2026-08-25T13:50:00.000Z,2026-08-25T14:57:00.000Z,2.5,0xd1e769e5633e3e91054650871c8d2478e20ca44b3c9d1d737322451319763293,22607559614317321747075963843130360180418135778227140822148899992212314889359,2026-08-25T14:05:16.703298+00:00,LATEST_ENTRY_WINDOW_PASSED,night-plan:2026-08-25:1700-minsk,TIER3_MICRO_EXPAND_50_COV25
queue,contur3:night-plan:2026-08-25:1700-minsk:provider:polymarket:898293:2026-08-25:0x2e88c085293141d5bdf36ea0f66cd85fd1d360216739b401179d1a6c0f27b530:45360354018898905598411747192459142342911254858880728362911784154683294993970,,kingston 2 (doubles): forbes/kim vs chopra/marrero,Live market activity,Live market activity,EXPIRED,ALLOWED_CORE,2026-08-25T15:00:00+00:00,EXPIRED,2026-08-25T13:50:00.000Z,2026-08-25T14:57:00.000Z,2.5,0x2e88c085293141d5bdf36ea0f66cd85fd1d360216739b401179d1a6c0f27b530,45360354018898905598411747192459142342911254858880728362911784154683294993970,2026-08-25T14:05:16.17832+00:00,LATEST_ENTRY_WINDOW_PASSED,night-plan:2026-08-25:1700-minsk,TIER3_MICRO_EXPAND_50_COV25
queue,contur3:night-plan:2026-08-25:1700-minsk:provider:polymarket:898292:2026-08-25:0x82c1e20b8a9dd33442d7f78027d70a4c55815a6b631296d2428e40d8f583eb63:40076126792884205656988180093609535215438703611589256106875947769343300585269,,kingston 2 (doubles): banthia/kadhe vs johns/po...,Live market activity,Live market activity,EXPIRED,ALLOWED_CORE,2026-08-25T15:00:00+00:00,EXPIRED,2026-08-25T13:50:00.000Z,2026-08-25T14:57:00.000Z,2.5,0x82c1e20b8a9dd33442d7f78027d70a4c55815a6b631296d2428e40d8f583eb63,40076126792884205656988180093609535215438703611589256106875947769343300585269,2026-08-25T14:05:15.230495+00:00,LATEST_ENTRY_WINDOW_PASSED,night-plan:2026-08-25:1700-minsk,TIER3_MICRO_EXPAND_50_COV25
queue,contur3:night-plan:2026-08-25:1700-minsk:provider:polymarket:898291:2026-08-25:0x9ce3776383ab724a520dd42a6041ffce908d8250c4ad10f1993d7b5fb9018906:36149585723813246207400516431165673272004161506869346285474428421406702632961,,kingston 2 (doubles): bianchi/pearson vs britto...,Live market activity,Live market activity,EXPIRED,ALLOWED_CORE,2026-08-25T15:00:00+00:00,EXPIRED,2026-08-25T13:50:00.000Z,2026-08-25T14:57:00.000Z,2.5,0x9ce3776383ab724a520dd42a6041ffce908d8250c4ad10f1993d7b5fb9018906,36149585723813246207400516431165673272004161506869346285474428421406702632961,2026-08-25T14:05:14.576522+00:00,LATEST_ENTRY_WINDOW_PASSED,night-plan:2026-08-25:1700-minsk,TIER3_MICRO_EXPAND_50_COV25
queue,contur3:night-plan:2026-08-25:1700-minsk:provider:polymarket:898290:2026-08-25:0x994fe4734308054c6ffa6befedf9d4c79bfb7ca45ae4e796829ba9d2bd5755aa:76889152377457117013791357819482365109865995637691675164419997898882916075631,,kingston 2 (doubles): reymond/sanchez vs sheehy...,Live market activity,Live market activity,EXPIRED,ALLOWED_CORE,2026-08-25T15:00:00+00:00,EXPIRED,2026-08-25T13:50:00.000Z,2026-08-25T14:57:00.000Z,2.5,0x994fe4734308054c6ffa6befedf9d4c79bfb7ca45ae4e796829ba9d2bd5755aa,76889152377457117013791357819482365109865995637691675164419997898882916075631,2026-08-25T14:05:13.892868+00:00,LATEST_ENTRY_WINDOW_PASSED,night-plan:2026-08-25:1700-minsk,TIER3_MICRO_EXPAND_50_COV25
queue,contur3:night-plan:2026-08-24:1700-minsk:provider:polymarket:883104:2026-08-24:0x9b0515f053bd43123eddbc91e3bfa26d18de3746d78d43f8da818c1841cdec4c:111602129640516455316587659714487547494608609626970051808776511193710975036460,,san luis de quillota — match winner,Live market activity,Live market activity,EXECUTED,ALLOWED_FULLMATCH,2026-08-24T23:30:00+00:00,EXPIRED,2026-08-24T22:20:00.000Z,2026-08-24T23:27:00.000Z,2.5,0x9b0515f053bd43123eddbc91e3bfa26d18de3746d78d43f8da818c1841cdec4c,111602129640516455316587659714487547494608609626970051808776511193710975036460,2026-08-24T22:20:35.857825+00:00,RESERVED_EVENT_MAX_SIGNAL_SCORE_V1,night-plan:2026-08-24:1700-minsk,TIER3_MICRO_EXPAND_50_COV25
queue,contur3:night-plan:2026-08-24:1700-minsk:provider:polymarket:896459:2026-08-24:0xb3f2374672a2fabbe0a5230a5199bfc6f9870c5252d52e1a1d987103385fd82f:12892992217671396663072808392027331857548977624018277078066647868141872078056,,orsomarso sc — match winner,Live market activity,Live market activity,EXPIRED,ALLOWED_FULLMATCH,2026-08-24T22:00:00+00:00,EXPIRED,2026-08-24T20:50:00.000Z,2026-08-24T21:57:00.000Z,2.5,0xb3f2374672a2fabbe0a5230a5199bfc6f9870c5252d52e1a1d987103385fd82f,12892992217671396663072808392027331857548977624018277078066647868141872078056,2026-08-24T20:50:35.981375+00:00,LATEST_ENTRY_WINDOW_PASSED,night-plan:2026-08-24:1700-minsk,TIER3_MICRO_EXPAND_50_COV25
queue,contur3:night-plan:2026-08-24:1700-minsk:provider:polymarket:898308:2026-08-24:0x6c178ec379536ef703d0ead6baf3677e09d87c1cf50943ad361ae9798d718b4c:54972775635246069488857082598050393541384129879527581215714658797978214582696,,"us open, qualification wta: polina kudermetova ...",Live market activity,Live market activity,EXPIRED,ALLOWED_CORE,2026-08-24T19:30:00+00:00,EXPIRED,2026-08-24T18:20:00.000Z,2026-08-24T19:27:00.000Z,2.5,0x6c178ec379536ef703d0ead6baf3677e09d87c1cf50943ad361ae9798d718b4c,54972775635246069488857082598050393541384129879527581215714658797978214582696,2026-08-24T18:20:35.538568+00:00,LATEST_ENTRY_WINDOW_PASSED,night-plan:2026-08-24:1700-minsk,TIER3_MICRO_EXPAND_50_COV25
queue,contur3:night-plan:2026-08-24:1700-minsk:provider:polymarket:831816:2026-08-24:0xe4e772127cc217f1f9ab8efabfd1cc99ecbed62795fafd3a0d11e025209e703d:27519916731358044388046824191280600175291656894678177155668316269107401781084,,málaga cf — match winner,$44K matched activity,$44K matched activity,EXPIRED,ALLOWED_FULLMATCH,2026-08-24T19:30:00+00:00,EXPIRED,2026-08-24T18:20:00.000Z,2026-08-24T19:27:00.000Z,2.5,0xe4e772127cc217f1f9ab8efabfd1cc99ecbed62795fafd3a0d11e025209e703d,27519916731358044388046824191280600175291656894678177155668316269107401781084,2026-08-24T18:20:34.647781+00:00,LATEST_ENTRY_WINDOW_PASSED,night-plan:2026-08-24:1700-minsk,TIER1_CORE_STRICT_72_COV50
queue,contur3:night-plan:2026-08-24:1700-minsk:provider:polymarket:867751:2026-08-24:0x671ebd9e39fdd2f02b94e760777a9c1cff0b41228dce4f3cd0d741985c658cb4:104239854151768560966171762972745367000691011492249674399354668327706979042420,,breidablik kopavogur — match winner,Live market activity,Live market activity,EXECUTED,ALLOWED_FULLMATCH,2026-08-24T19:15:00+00:00,EXPIRED,2026-08-24T18:05:00.000Z,2026-08-24T19:12:00.000Z,2.5,0x671ebd9e39fdd2f02b94e760777a9c1cff0b41228dce4f3cd0d741985c658cb4,104239854151768560966171762972745367000691011492249674399354668327706979042420,2026-08-24T18:05:06.762062+00:00,RESERVED_EVENT_MAX_SIGNAL_SCORE_V1,night-plan:2026-08-24:1700-minsk,TIER3_MICRO_EXPAND_50_COV25
queue,contur3:night-plan:2026-08-24:1700-minsk:provider:polymarket:877805:2026-08-24:0x5cb62bb396db09de3995d0522f7d83935cb397eda2d1de662da989ccd9e96936:84931994774722480756271924451807781240566096897102412655673940988287828275615,,ca guemes — match winner,Live market activity,Live market activity,EXPIRED,ALLOWED_FULLMATCH,2026-08-24T19:00:00+00:00,EXPIRED,2026-08-24T17:50:00.000Z,2026-08-24T18:57:00.000Z,2.5,0x5cb62bb396db09de3995d0522f7d83935cb397eda2d1de662da989ccd9e96936,84931994774722480756271924451807781240566096897102412655673940988287828275615,2026-08-24T17:50:30.87057+00:00,LATEST_ENTRY_WINDOW_PASSED,night-plan:2026-08-24:1700-minsk,TIER3_MICRO_EXPAND_50_COV25
queue,contur3:night-plan:2026-08-24:1700-minsk:provider:polymarket:833824:2026-08-24:0xef1f21787200da5750b58c09a3fc87891572834ed21f7e2c2aa4bb029272e634:101395173152017211626219389925549813747702695728276246958337563098355418930782,,kocaelispor — match winner,Live market activity,Live market activity,EXPIRED,ALLOWED_FULLMATCH,2026-08-24T18:30:00+00:00,EXPIRED,2026-08-24T17:20:00.000Z,2026-08-24T18:27:00.000Z,1.1,0xef1f21787200da5750b58c09a3fc87891572834ed21f7e2c2aa4bb029272e634,101395173152017211626219389925549813747702695728276246958337563098355418930782,2026-08-24T17:20:18.206395+00:00,LATEST_ENTRY_WINDOW_PASSED,night-plan:2026-08-24:1700-minsk,TIER3_MICRO_EXPAND_50_COV25
queue,contur3:night-plan:2026-08-24:1700-minsk:provider:polymarket:898314:2026-08-24:0x760d2aacb850ead4567f44a79706bb7e08dcf04766891986c29127452bd50f37:81946818356663813328261635277392736846027954380519609163828864890348060013824,,"us open, qualification wta: lucia bronzetti vs ...",Live market activity,Live market activity,EXPIRED,ALLOWED_CORE,2026-08-24T18:00:00+00:00,EXPIRED,2026-08-24T16:50:00.000Z,2026-08-24T17:57:00.000Z,1.1,0x760d2aacb850ead4567f44a79706bb7e08dcf04766891986c29127452bd50f37,81946818356663813328261635277392736846027954380519609163828864890348060013824,2026-08-24T16:50:27.215478+00:00,LATEST_ENTRY_WINDOW_PASSED,night-plan:2026-08-24:1700-minsk,TIER3_MICRO_EXPAND_50_COV25
queue,contur3:night-plan:2026-08-24:1700-minsk:provider:polymarket:898311:2026-08-24:0x2ea1c04249411914a0dee9ea747f1ff5c57a936f14f01156170ffe40f9841c0a:82673070121752930545620952907274663841637180463646346577845202942593215744103,,"us open, qualification wta: greet minnen vs jel...",Live market activity,Live market activity,EXPIRED,ALLOWED_CORE,2026-08-24T18:00:00+00:00,EXPIRED,2026-08-24T16:50:00.000Z,2026-08-24T17:57:00.000Z,1.1,0x2ea1c04249411914a0dee9ea747f1ff5c57a936f14f01156170ffe40f9841c0a,82673070121752930545620952907274663841637180463646346577845202942593215744103,2026-08-24T16:50:26.761143+00:00,LATEST_ENTRY_WINDOW_PASSED,night-plan:2026-08-24:1700-minsk,TIER3_MICRO_EXPAND_50_COV25
queue,contur3:night-plan:2026-08-24:1700-minsk:provider:polymarket:898310:2026-08-24:0xad9669b773e9dcb662e2a2ffdcbc6ad6ce12426b6cccf1c481e611a86c3e84f0:10275972328309429409549003942421757151230662835371769287409903418738967128724,,"us open, qualification wta: robin montgomery vs...",Live market activity,Live market activity,EXPIRED,ALLOWED_CORE,2026-08-24T18:00:00+00:00,EXPIRED,2026-08-24T16:50:00.000Z,2026-08-24T17:57:00.000Z,1.1,0xad9669b773e9dcb662e2a2ffdcbc6ad6ce12426b6cccf1c481e611a86c3e84f0,10275972328309429409549003942421757151230662835371769287409903418738967128724,2026-08-24T16:50:26.211194+00:00,LATEST_ENTRY_WINDOW_PASSED,night-plan:2026-08-24:1700-minsk,TIER3_MICRO_EXPAND_50_COV25
queue,contur3:night-plan:2026-08-24:1700-minsk:provider:polymarket:828839:2026-08-24:0x0030cca9201fcc3c7ac3c61cacddd83aca62f589d15a2e5cd750a055b3f0730a:9129024488029020271334806504960451674389926227149583955880143034029256168775,,fk baltika kaliningrad — match winner,Live market activity,Live market activity,EXPIRED,ALLOWED_FULLMATCH,2026-08-24T17:30:00+00:00,EXPIRED,2026-08-24T16:20:00.000Z,2026-08-24T17:27:00.000Z,1.1,0x0030cca9201fcc3c7ac3c61cacddd83aca62f589d15a2e5cd750a055b3f0730a,9129024488029020271334806504960451674389926227149583955880143034029256168775,2026-08-24T16:20:32.597476+00:00,LATEST_ENTRY_WINDOW_PASSED,night-plan:2026-08-24:1700-minsk,TIER3_MICRO_EXPAND_50_COV25
queue,contur3:night-plan:2026-08-24:1700-minsk:provider:polymarket:896853:2026-08-24:0xf6d355ba78f20f1d697df2f0001d4453e48d96b2fbdb227894e411a1e8419abb:44943864017311756068398795976749093066158099145275723735983187051893137127635,,itf w35 trieste women: laura mair vs sofia shap...,Live market activity,Live market activity,EXPIRED,ALLOWED_CORE,2026-08-24T16:00:00+00:00,EXPIRED,2026-08-24T14:50:00.000Z,2026-08-24T15:57:00.000Z,1.1,0xf6d355ba78f20f1d697df2f0001d4453e48d96b2fbdb227894e411a1e8419abb,44943864017311756068398795976749093066158099145275723735983187051893137127635,2026-08-24T14:50:34.66264+00:00,LATEST_ENTRY_WINDOW_PASSED,night-plan:2026-08-24:1700-minsk,TIER3_MICRO_EXPAND_50_COV25
queue,contur3:night-plan:2026-08-24:1700-minsk:provider:polymarket:898319:2026-08-24:0xb8ff4fed0f17261be9567943a0b4ecc4fca969d7db73f470cab5e2184d68c365:50549250841091372343516619288048248482003395609395577682537782273785922446197,,"us open, qualification wta: rebeka masarova vs ...",Live market activity,Live market activity,CLAIMED,ALLOWED_CORE,2026-08-24T15:00:00+00:00,EXPIRED,2026-08-24T13:50:00.000Z,2026-08-24T14:57:00.000Z,1.1,0xb8ff4fed0f17261be9567943a0b4ecc4fca969d7db73f470cab5e2184d68c365,50549250841091372343516619288048248482003395609395577682537782273785922446197,2026-08-24T13:50:11.680964+00:00,RESERVED_EVENT_MAX_SIGNAL_SCORE_V1,night-plan:2026-08-24:1700-minsk,TIER3_MICRO_EXPAND_50_COV25
queue,contur3:night-plan:2026-08-24:1700-minsk:provider:polymarket:894845:2026-08-24:0x94123e331ce730f2ff34a06d7af0184ee563e1631fe772101eac980729372807:115001202628548254109361686185978773303759219829397901438789887755511656670582,,kingston 2: pietro fellin vs miguel tobon,Live market activity,Live market activity,CLAIMED,ALLOWED_CORE,2026-08-24T15:00:00+00:00,EXPIRED,2026-08-24T13:50:00.000Z,2026-08-24T14:57:00.000Z,1.1,0x94123e331ce730f2ff34a06d7af0184ee563e1631fe772101eac980729372807,115001202628548254109361686185978773303759219829397901438789887755511656670582,2026-08-24T13:50:11.294696+00:00,RESERVED_EVENT_MAX_SIGNAL_SCORE_V1,night-plan:2026-08-24:1700-minsk,TIER3_MICRO_EXPAND_50_COV25
queue,contur3:night-plan:2026-08-24:1700-minsk:provider:polymarket:894841:2026-08-24:0xff87886de0a0dfa8748cebe3199aed29b727c927c1083af4e8d9bd6bdcb1031c:49644898121622884448133603142872231911220672211280863477199059159356370276930,,kingston 2: alex hernandez vs paulo dos santos,Live market activity,Live market activity,CLAIMED,ALLOWED_CORE,2026-08-24T15:00:00+00:00,EXPIRED,2026-08-24T13:50:00.000Z,2026-08-24T14:57:00.000Z,1.1,0xff87886de0a0dfa8748cebe3199aed29b727c927c1083af4e8d9bd6bdcb1031c,49644898121622884448133603142872231911220672211280863477199059159356370276930,2026-08-24T13:50:10.472425+00:00,RESERVED_EVENT_MAX_SIGNAL_SCORE_V1,night-plan:2026-08-24:1700-minsk,TIER3_MICRO_EXPAND_50_COV25
queue,contur3:night-plan:2026-08-23:1700-minsk:provider:polymarket:892304:2026-08-24:0x5b9c685d6c96bae6f6045a08fc0e9845bd75a65d4c02eb2a44f05e927b733acb:70542589499762946877703818965904185487045882792207770448096973758038466189320,,augsburg: cezar cretu vs niels mcdonald,Live market activity,Live market activity,CLAIMED,ALLOWED_CORE,2026-08-24T08:00:00+00:00,EXPIRED,2026-08-24T06:50:00.000Z,2026-08-24T07:57:00.000Z,1.1,0x5b9c685d6c96bae6f6045a08fc0e9845bd75a65d4c02eb2a44f05e927b733acb,70542589499762946877703818965904185487045882792207770448096973758038466189320,2026-08-24T06:50:10.435214+00:00,RESERVED_EVENT_MAX_SIGNAL_SCORE_V1,night-plan:2026-08-23:1700-minsk,TIER3_MICRO_EXPAND_50_COV25
order,contur3:unknown:unknown:unknown:unknown,,,,,UNKNOWN,ALLOWED_CORE,,,,,,,,2026-08-29T02:25:15.559965+00:00,,,
order,contur3:unknown:unknown:unknown:unknown,,,,,UNKNOWN,ALLOWED_CORE,,,,,,,,2026-08-29T01:15:20.979712+00:00,,,
order,contur3:unknown:unknown:unknown:unknown,,,,,UNKNOWN,ALLOWED_CORE,,,,,,,,2026-08-28T23:45:22.520585+00:00,,,
order,contur3:unknown:unknown:unknown:unknown,,,,,UNKNOWN,ALLOWED_CORE,,,,,,,,2026-08-26T21:15:11.132087+00:00,,,
order,contur3:unknown:unknown:unknown:unknown,,,,,UNKNOWN,ALLOWED_CORE,,,,,,,,2026-08-26T18:15:22.934391+00:00,,,
order,contur3:unknown:unknown:unknown:unknown,,,,,UNKNOWN,ALLOWED_CORE,,,,,,,,2026-08-26T17:15:10.613222+00:00,,,
order,contur3:unknown:unknown:unknown:unknown,,,,,UNKNOWN,ALLOWED_CORE,,,,,,,,2026-08-26T16:45:09.980472+00:00,,,
order,contur3:unknown:unknown:unknown:unknown,,,,,UNKNOWN,ALLOWED_CORE,,,,,,,,2026-08-26T15:15:24.377789+00:00,,,
order,contur3:unknown:unknown:unknown:unknown,,,,,UNKNOWN,ALLOWED_CORE,,,,,,,,2026-08-26T14:15:20.482072+00:00,,,
order,contur3:unknown:unknown:unknown:unknown,,,,,UNKNOWN,ALLOWED_CORE,,,,,,,,2026-08-25T18:00:53.958732+00:00,,,
order,contur3:unknown:unknown:unknown:unknown,,,,,UNKNOWN,ALLOWED_CORE,,,,,,,,2026-08-25T06:38:29.834619+00:00,,,
order,contur3:unknown:isl1-kop-frr-2026-08-24-kop:unknown:unknown,,,,isl1-kop-frr-2026-08-24-kop,UNKNOWN,ALLOWED_CORE,,,,,,,,2026-08-24T19:41:06.110721+00:00,,,