{"enumeratedPrimaryMappings":1024,"enumeratedShadowMappings":3125,"splitNights":{"training":23,"validation":5,"test":6},"lockedTrainingMapping":{"0.30_0.40":1,"0.40_0.50":1,"0.50_0.60":0.3,"0.60_0.70":0.3,"0.70_1.00":0.3},"lockedTestPnl":-0.2398603242,"all100TestPnl":-0.2398603242,"replacedAll100":false,"winningMapping":{"0.30_0.40":1,"0.40_0.50":1,"0.50_0.60":1,"0.60_0.70":1,"0.70_1.00":1},"bands":{"0.30_0.40":{"rows":51,"wins":25,"losses":26,"flatPnl":18.9429496764,"selectedTier":1,"testPnl":-0.8051948052},"0.40_0.50":{"rows":217,"wins":112,"losses":105,"flatPnl":31.7472495321,"selectedTier":1,"testPnl":0.565334481},"0.50_0.60":{"rows":3,"wins":1,"losses":2,"flatPnl":-1,"selectedTier":1,"testPnl":0},"0.60_0.70":{"rows":0,"wins":0,"losses":0,"flatPnl":0,"selectedTier":1,"testPnl":0},"0.70_1.00":{"rows":0,"wins":0,"losses":0,"flatPnl":0,"selectedTier":1,"testPnl":0}}}
