{"recommended":"A1_T2_R0.25_S0","MAX_PNL":{"terminalActive":242.37306991,"terminalVault":25,"terminalTotal":267.37306991,"canonicalPnl":167.37306991,"maxDrawdown":17.32260625,"bootstrapMedian":268.2222784,"bootstrapP10":210.19054197,"bootstrapP90Drawdown":25.53705601,"probabilityBelowInitial":0,"sweeps":1,"totalSwept":25,"principalRecoveries":1},"BALANCED":{"terminalActive":125.20287442,"terminalVault":142.17019549,"terminalTotal":267.37306991,"canonicalPnl":167.37306991,"maxDrawdown":17.32260625,"bootstrapMedian":272.18932148,"bootstrapP10":210.91901027,"bootstrapP90Drawdown":26.10836155,"probabilityBelowInitial":0,"sweeps":14,"totalSwept":132.17019549,"principalRecoveries":1},"MAX_CAPITAL_PROTECTION":{"policy":"A1_T1.75_R0.5_S0.25","terminalActive":185.98200165,"terminalVault":81.39106826,"terminalTotal":267.37306991,"canonicalPnl":167.37306991,"maxDrawdown":17.32260625,"bootstrapMedian":268.53373239,"bootstrapP10":212.78154243,"bootstrapP90Drawdown":26.28182012,"probabilityBelowInitial":0,"sweeps":17,"totalSwept":81.39106826,"principalRecoveries":1},"canonicalPnlSacrifice":{"BALANCED":0,"MAX_CAPITAL_PROTECTION":0}}
