{
  "block23End": {
    "freeActive": 11.09339703,
    "openPrincipal": 129.21756471,
    "active": 140.31096174,
    "vault": 15.7610778,
    "total": 156.07203954,
    "totalHighWater": 163.04431118,
    "activeHighWater": 147.28323338,
    "peakProfit": 113.04431118,
    "principalRecoveryProgress": 15.7610778,
    "currentStakeReference": 140.31096166666669,
    "remainingTransferAllowance": 14.03109616666667,
    "openPositionIds": [
      "09cbbcca-71c8-4758-a495-19340f161a4c",
      "13b17804-4c59-45db-8824-3b2ac730cf45",
      "17976e7c-7a19-44a8-8dab-6bb6a566ba05",
      "193a734b-ffc2-4a5c-9dab-93919577225f",
      "1fb03f7e-a398-4dba-97ad-e541494a043c",
      "2708453e-c698-4844-9f6b-6d75fcc3627b",
      "2add966e-8250-438a-bd37-107e3dafc155",
      "2be8a748-bce1-46a4-8dca-96c048926a5e",
      "32ef2fed-3e57-442d-8846-75ef8cebfe4a",
      "43cd5655-4def-4b79-8822-640271932e2f",
      "449cf9da-d290-4477-8d2a-46512ed6913c",
      "62932347-3694-4b1d-b2e7-9d1d6c6dcb0a",
      "62b9573a-9a3a-4a41-bc77-aaa376882cb2",
      "649952f2-9ef0-4dfa-a8bd-2e5086bf5f11",
      "6776a92e-0298-43d2-99fe-00ced5b2d64d",
      "67aaf29f-ea77-45d3-8019-33cfce2ca706",
      "67c26ab8-05b6-4d8f-883d-62e8b1707f93",
      "7a8fc5df-f0c1-49a4-8117-434e33526b6d",
      "8341d514-d9d2-468e-8635-86eae7ab200b",
      "87f75c2f-7d9a-441a-bd86-141d75e5cde9",
      "8853cadd-1f9b-47b0-ab4a-fe88c5e037fc",
      "9c5008ad-c6e6-460f-b79b-ce494b2a8fa0",
      "9efbde3c-0747-4d8a-84b3-8c2c5df961ed",
      "a060ebab-dcdd-435e-8837-e5202ae4af87",
      "a0b50105-3bec-4075-b4bc-31abc34426df",
      "b13e30a0-076a-4427-806f-9872f352dfa2",
      "bc97b4a2-f499-487e-9862-93d51dc0296d",
      "c3f8cb41-c188-4a4a-8822-9630b89062c1",
      "c46eda07-e12a-4dd1-8fa3-20256b926dec",
      "d497c1e6-c960-4f48-8fa2-63e4126e81ac",
      "db09bd88-2c19-458c-b451-85a3d00e91fd",
      "df7ea326-c910-4a37-b1e7-dfc88d98426e",
      "e09292b6-c88f-4613-818e-6795456df575",
      "e2db9cdf-583f-46e1-aaef-eae02ea42a92",
      "e9ad3b71-702b-4a79-91c2-90bc3debb160",
      "f784dc25-f594-4ed7-95b5-ba35b66d0946"
    ]
  },
  "block24Start": {
    "freeActive": 11.09339703,
    "openPrincipal": 129.21756471,
    "active": 140.31096174,
    "vault": 15.7610778,
    "total": 156.07203954,
    "totalHighWater": 163.04431118,
    "activeHighWater": 147.28323338,
    "peakProfit": 113.04431118,
    "principalRecoveryProgress": 15.7610778,
    "currentStakeReference": 140.31096166666669,
    "remainingTransferAllowance": 14.03109616666667,
    "openPositionIds": [
      "09cbbcca-71c8-4758-a495-19340f161a4c",
      "13b17804-4c59-45db-8824-3b2ac730cf45",
      "17976e7c-7a19-44a8-8dab-6bb6a566ba05",
      "193a734b-ffc2-4a5c-9dab-93919577225f",
      "1fb03f7e-a398-4dba-97ad-e541494a043c",
      "2708453e-c698-4844-9f6b-6d75fcc3627b",
      "2add966e-8250-438a-bd37-107e3dafc155",
      "2be8a748-bce1-46a4-8dca-96c048926a5e",
      "32ef2fed-3e57-442d-8846-75ef8cebfe4a",
      "43cd5655-4def-4b79-8822-640271932e2f",
      "449cf9da-d290-4477-8d2a-46512ed6913c",
      "62932347-3694-4b1d-b2e7-9d1d6c6dcb0a",
      "62b9573a-9a3a-4a41-bc77-aaa376882cb2",
      "649952f2-9ef0-4dfa-a8bd-2e5086bf5f11",
      "6776a92e-0298-43d2-99fe-00ced5b2d64d",
      "67aaf29f-ea77-45d3-8019-33cfce2ca706",
      "67c26ab8-05b6-4d8f-883d-62e8b1707f93",
      "7a8fc5df-f0c1-49a4-8117-434e33526b6d",
      "8341d514-d9d2-468e-8635-86eae7ab200b",
      "87f75c2f-7d9a-441a-bd86-141d75e5cde9",
      "8853cadd-1f9b-47b0-ab4a-fe88c5e037fc",
      "9c5008ad-c6e6-460f-b79b-ce494b2a8fa0",
      "9efbde3c-0747-4d8a-84b3-8c2c5df961ed",
      "a060ebab-dcdd-435e-8837-e5202ae4af87",
      "a0b50105-3bec-4075-b4bc-31abc34426df",
      "b13e30a0-076a-4427-806f-9872f352dfa2",
      "bc97b4a2-f499-487e-9862-93d51dc0296d",
      "c3f8cb41-c188-4a4a-8822-9630b89062c1",
      "c46eda07-e12a-4dd1-8fa3-20256b926dec",
      "d497c1e6-c960-4f48-8fa2-63e4126e81ac",
      "db09bd88-2c19-458c-b451-85a3d00e91fd",
      "df7ea326-c910-4a37-b1e7-dfc88d98426e",
      "e09292b6-c88f-4613-818e-6795456df575",
      "e2db9cdf-583f-46e1-aaef-eae02ea42a92",
      "e9ad3b71-702b-4a79-91c2-90bc3debb160",
      "f784dc25-f594-4ed7-95b5-ba35b66d0946"
    ]
  },
  "block23EndHash": "a1c56aa72d068f9118ff4774b6b758c15837178ea47a11fe4254e72d43f2eb33",
  "block24StartHash": "a1c56aa72d068f9118ff4774b6b758c15837178ea47a11fe4254e72d43f2eb33"
}
